Date,ml_prob_rf
2015-01-08,
2015-01-09,
2015-01-12,
2015-01-13,
2015-01-14,
2015-01-15,
2015-01-16,
2015-01-19,
2015-01-20,
2015-01-21,
2015-01-22,
2015-01-23,
2015-01-27,
2015-01-28,
2015-01-29,
2015-01-30,
2015-02-02,
2015-02-03,
2015-02-04,
2015-02-05,
2015-02-06,
2015-02-09,
2015-02-10,
2015-02-11,
2015-02-12,
2015-02-13,
2015-02-16,
2015-02-18,
2015-02-19,
2015-02-20,
2015-02-23,
2015-02-24,
2015-02-25,
2015-02-26,
2015-02-27,
2015-03-02,
2015-03-03,
2015-03-04,
2015-03-05,
2015-03-09,
2015-03-10,
2015-03-11,
2015-03-12,
2015-03-13,
2015-03-16,
2015-03-17,
2015-03-18,
2015-03-19,
2015-03-20,
2015-03-23,
2015-03-24,
2015-03-25,
2015-03-26,
2015-03-27,
2015-03-30,
2015-03-31,
2015-04-01,
2015-04-06,
2015-04-07,
2015-04-08,
2015-04-09,
2015-04-10,
2015-04-13,
2015-04-15,
2015-04-16,
2015-04-17,
2015-04-20,
2015-04-21,
2015-04-22,
2015-04-23,
2015-04-24,
2015-04-27,
2015-04-28,
2015-04-29,
2015-04-30,
2015-05-04,
2015-05-05,
2015-05-06,
2015-05-07,
2015-05-08,
2015-05-11,
2015-05-12,
2015-05-13,
2015-05-14,
2015-05-15,
2015-05-18,
2015-05-19,
2015-05-20,
2015-05-21,
2015-05-22,
2015-05-25,
2015-05-26,
2015-05-27,
2015-05-28,
2015-05-29,
2015-06-01,
2015-06-02,
2015-06-03,
2015-06-04,
2015-06-05,
2015-06-08,
2015-06-09,
2015-06-10,
2015-06-11,
2015-06-12,
2015-06-15,
2015-06-16,
2015-06-17,
2015-06-18,
2015-06-19,
2015-06-22,
2015-06-23,
2015-06-24,
2015-06-25,
2015-06-26,
2015-06-29,
2015-06-30,
2015-07-01,
2015-07-02,
2015-07-03,
2015-07-06,
2015-07-07,
2015-07-08,
2015-07-09,
2015-07-10,
2015-07-13,
2015-07-14,
2015-07-15,
2015-07-16,
2015-07-17,
2015-07-20,
2015-07-21,
2015-07-22,
2015-07-23,
2015-07-24,
2015-07-27,
2015-07-28,
2015-07-29,
2015-07-30,
2015-07-31,
2015-08-03,
2015-08-04,
2015-08-05,
2015-08-06,
2015-08-07,
2015-08-10,
2015-08-11,
2015-08-12,
2015-08-13,
2015-08-14,
2015-08-17,
2015-08-18,
2015-08-19,
2015-08-20,
2015-08-21,
2015-08-24,
2015-08-25,
2015-08-26,
2015-08-27,
2015-08-28,
2015-08-31,
2015-09-01,
2015-09-02,
2015-09-03,
2015-09-04,
2015-09-07,
2015-09-08,
2015-09-09,
2015-09-10,
2015-09-11,
2015-09-14,
2015-09-15,
2015-09-16,
2015-09-18,
2015-09-21,
2015-09-22,
2015-09-23,
2015-09-24,
2015-09-28,
2015-09-29,
2015-09-30,
2015-10-01,
2015-10-05,
2015-10-06,
2015-10-07,
2015-10-08,
2015-10-09,
2015-10-12,
2015-10-13,
2015-10-14,
2015-10-15,
2015-10-16,
2015-10-19,
2015-10-20,
2015-10-21,
2015-10-23,
2015-10-26,
2015-10-27,
2015-10-28,
2015-10-29,
2015-10-30,
2015-11-02,
2015-11-03,
2015-11-04,
2015-11-05,
2015-11-06,
2015-11-09,
2015-11-10,
2015-11-13,
2015-11-16,
2015-11-17,
2015-11-18,
2015-11-19,
2015-11-20,
2015-11-23,
2015-11-24,
2015-11-26,
2015-11-27,
2015-11-30,
2015-12-01,
2015-12-02,
2015-12-03,
2015-12-04,
2015-12-07,
2015-12-08,
2015-12-09,
2015-12-10,
2015-12-11,
2015-12-14,
2015-12-15,
2015-12-16,
2015-12-17,
2015-12-18,
2015-12-21,
2015-12-22,
2015-12-23,
2015-12-24,
2015-12-28,
2015-12-29,
2015-12-30,
2015-12-31,
2016-01-01,
2016-01-04,
2016-01-05,
2016-01-06,
2016-01-07,
2016-01-08,
2016-01-11,
2016-01-12,
2016-01-13,
2016-01-14,
2016-01-15,
2016-01-18,
2016-01-19,
2016-01-20,
2016-01-21,
2016-01-22,
2016-01-25,
2016-01-27,
2016-01-28,
2016-01-29,
2016-02-01,
2016-02-02,
2016-02-03,
2016-02-04,
2016-02-05,
2016-02-08,
2016-02-09,
2016-02-10,
2016-02-11,
2016-02-12,
2016-02-15,
2016-02-16,
2016-02-17,
2016-02-18,
2016-02-19,
2016-02-22,
2016-02-23,
2016-02-24,
2016-02-25,
2016-02-26,
2016-02-29,
2016-03-01,
2016-03-02,
2016-03-03,
2016-03-04,
2016-03-08,
2016-03-09,
2016-03-10,
2016-03-11,
2016-03-14,
2016-03-15,
2016-03-16,
2016-03-17,
2016-03-18,
2016-03-21,
2016-03-22,
2016-03-23,
2016-03-28,
2016-03-29,
2016-03-30,
2016-03-31,
2016-04-01,
2016-04-04,
2016-04-05,
2016-04-06,
2016-04-07,
2016-04-08,
2016-04-11,
2016-04-12,
2016-04-13,
2016-04-18,
2016-04-20,
2016-04-21,
2016-04-22,
2016-04-25,
2016-04-26,
2016-04-27,
2016-04-28,
2016-04-29,
2016-05-02,
2016-05-03,
2016-05-04,
2016-05-05,
2016-05-06,
2016-05-09,
2016-05-10,
2016-05-11,
2016-05-12,
2016-05-13,
2016-05-16,
2016-05-17,
2016-05-18,
2016-05-19,
2016-05-20,
2016-05-23,
2016-05-24,
2016-05-25,
2016-05-26,
2016-05-27,
2016-05-30,
2016-05-31,
2016-06-01,
2016-06-02,
2016-06-03,
2016-06-06,
2016-06-07,
2016-06-08,
2016-06-09,
2016-06-10,
2016-06-13,
2016-06-14,
2016-06-15,
2016-06-16,
2016-06-17,
2016-06-20,
2016-06-21,
2016-06-22,
2016-06-23,
2016-06-24,
2016-06-27,
2016-06-28,
2016-06-29,
2016-06-30,
2016-07-01,
2016-07-04,
2016-07-05,
2016-07-07,
2016-07-08,
2016-07-11,
2016-07-12,
2016-07-13,
2016-07-14,
2016-07-15,
2016-07-18,
2016-07-19,
2016-07-20,
2016-07-21,
2016-07-22,
2016-07-25,
2016-07-26,
2016-07-27,
2016-07-28,
2016-07-29,
2016-08-01,
2016-08-02,
2016-08-03,
2016-08-04,
2016-08-05,
2016-08-08,
2016-08-09,
2016-08-10,
2016-08-11,
2016-08-12,
2016-08-16,
2016-08-17,
2016-08-18,
2016-08-19,
2016-08-22,
2016-08-23,
2016-08-24,
2016-08-25,
2016-08-26,
2016-08-29,
2016-08-30,
2016-08-31,
2016-09-01,
2016-09-02,
2016-09-06,
2016-09-07,
2016-09-08,
2016-09-09,
2016-09-12,
2016-09-14,
2016-09-15,
2016-09-16,
2016-09-19,
2016-09-20,
2016-09-21,
2016-09-22,
2016-09-23,
2016-09-26,
2016-09-27,
2016-09-28,
2016-09-29,
2016-09-30,
2016-10-03,
2016-10-04,
2016-10-05,
2016-10-06,
2016-10-07,
2016-10-10,
2016-10-13,
2016-10-14,
2016-10-17,
2016-10-18,
2016-10-19,
2016-10-20,
2016-10-21,
2016-10-24,
2016-10-25,
2016-10-26,
2016-10-27,
2016-10-28,
2016-11-01,
2016-11-02,
2016-11-03,
2016-11-04,
2016-11-07,
2016-11-08,
2016-11-09,
2016-11-10,
2016-11-11,
2016-11-15,
2016-11-16,
2016-11-17,
2016-11-18,
2016-11-21,
2016-11-22,
2016-11-23,
2016-11-24,
2016-11-25,
2016-11-28,
2016-11-29,
2016-11-30,
2016-12-01,
2016-12-02,
2016-12-05,
2016-12-06,
2016-12-07,
2016-12-08,
2016-12-09,
2016-12-12,
2016-12-13,
2016-12-14,
2016-12-15,
2016-12-16,
2016-12-19,
2016-12-20,
2016-12-21,
2016-12-22,
2016-12-23,
2016-12-26,
2016-12-27,
2016-12-28,
2016-12-29,
2016-12-30,
2017-01-02,
2017-01-03,
2017-01-04,
2017-01-05,
2017-01-06,
2017-01-09,
2017-01-10,
2017-01-11,
2017-01-12,
2017-01-13,
2017-01-16,
2017-01-17,
2017-01-18,
2017-01-19,
2017-01-20,
2017-01-23,
2017-01-24,
2017-01-25,
2017-01-27,
2017-01-30,
2017-01-31,
2017-02-01,
2017-02-02,
2017-02-03,
2017-02-06,
2017-02-07,
2017-02-08,
2017-02-09,
2017-02-10,
2017-02-13,
2017-02-14,
2017-02-15,
2017-02-16,
2017-02-17,
2017-02-20,
2017-02-21,
2017-02-22,
2017-02-23,
2017-02-27,
2017-02-28,
2017-03-01,
2017-03-02,
2017-03-03,
2017-03-06,
2017-03-07,
2017-03-08,
2017-03-09,
2017-03-10,
2017-03-14,
2017-03-15,
2017-03-16,
2017-03-17,
2017-03-20,
2017-03-21,
2017-03-22,
2017-03-23,
2017-03-24,
2017-03-27,
2017-03-28,
2017-03-29,
2017-03-30,
2017-03-31,
2017-04-03,
2017-04-05,
2017-04-06,
2017-04-07,
2017-04-10,
2017-04-11,
2017-04-12,
2017-04-13,
2017-04-17,
2017-04-18,
2017-04-19,
2017-04-20,
2017-04-21,
2017-04-24,
2017-04-25,
2017-04-26,
2017-04-27,
2017-04-28,
2017-05-02,
2017-05-03,
2017-05-04,
2017-05-05,
2017-05-08,
2017-05-09,
2017-05-10,
2017-05-11,
2017-05-12,
2017-05-15,
2017-05-16,
2017-05-17,
2017-05-18,
2017-05-19,
2017-05-22,
2017-05-23,
2017-05-24,
2017-05-25,
2017-05-26,
2017-05-29,
2017-05-30,
2017-05-31,
2017-06-01,
2017-06-02,
2017-06-05,
2017-06-06,
2017-06-07,
2017-06-08,
2017-06-09,
2017-06-12,
2017-06-13,
2017-06-14,
2017-06-15,
2017-06-16,
2017-06-19,
2017-06-20,
2017-06-21,
2017-06-22,
2017-06-23,
2017-06-27,
2017-06-28,
2017-06-29,
2017-06-30,
2017-07-03,
2017-07-04,
2017-07-05,
2017-07-06,
2017-07-07,
2017-07-10,
2017-07-11,
2017-07-12,
2017-07-13,
2017-07-14,
2017-07-17,
2017-07-18,
2017-07-19,
2017-07-20,
2017-07-21,
2017-07-24,
2017-07-25,
2017-07-26,
2017-07-27,
2017-07-28,
2017-07-31,
2017-08-01,
2017-08-02,
2017-08-03,
2017-08-04,
2017-08-07,
2017-08-08,
2017-08-09,
2017-08-10,
2017-08-11,
2017-08-14,
2017-08-16,
2017-08-17,
2017-08-18,
2017-08-21,
2017-08-22,
2017-08-23,
2017-08-24,
2017-08-28,
2017-08-29,
2017-08-30,
2017-08-31,
2017-09-01,
2017-09-04,
2017-09-05,
2017-09-06,
2017-09-07,
2017-09-08,
2017-09-11,
2017-09-12,
2017-09-13,
2017-09-14,
2017-09-15,
2017-09-18,
2017-09-19,
2017-09-20,
2017-09-21,
2017-09-22,
2017-09-25,
2017-09-26,
2017-09-27,
2017-09-28,
2017-09-29,
2017-10-03,
2017-10-04,
2017-10-05,
2017-10-06,
2017-10-09,
2017-10-10,
2017-10-11,
2017-10-12,
2017-10-13,
2017-10-16,
2017-10-17,
2017-10-18,
2017-10-19,
2017-10-23,
2017-10-24,
2017-10-25,
2017-10-26,
2017-10-27,
2017-10-30,
2017-10-31,
2017-11-01,
2017-11-02,
2017-11-03,
2017-11-06,
2017-11-07,
2017-11-08,
2017-11-09,
2017-11-10,
2017-11-13,
2017-11-14,
2017-11-15,
2017-11-16,
2017-11-17,
2017-11-20,
2017-11-21,
2017-11-22,
2017-11-23,
2017-11-24,
2017-11-27,
2017-11-28,
2017-11-29,
2017-11-30,
2017-12-01,
2017-12-04,
2017-12-05,
2017-12-06,
2017-12-07,
2017-12-08,
2017-12-11,
2017-12-12,
2017-12-13,
2017-12-14,
2017-12-15,
2017-12-18,
2017-12-19,
2017-12-20,
2017-12-21,
2017-12-22,
2017-12-26,
2017-12-27,
2017-12-28,
2017-12-29,
2018-01-01,
2018-01-02,
2018-01-03,
2018-01-04,
2018-01-05,
2018-01-08,
2018-01-09,
2018-01-10,
2018-01-11,
2018-01-12,
2018-01-15,
2018-01-16,
2018-01-17,
2018-01-18,
2018-01-19,
2018-01-22,
2018-01-23,
2018-01-24,
2018-01-25,
2018-01-29,
2018-01-30,
2018-01-31,
2018-02-01,
2018-02-02,
2018-02-05,
2018-02-06,
2018-02-07,
2018-02-08,
2018-02-09,
2018-02-12,
2018-02-14,
2018-02-15,
2018-02-16,
2018-02-19,
2018-02-20,
2018-02-21,
2018-02-22,
2018-02-23,
2018-02-26,
2018-02-27,
2018-02-28,
2018-03-01,
2018-03-05,
2018-03-06,
2018-03-07,
2018-03-08,
2018-03-09,
2018-03-12,
2018-03-13,
2018-03-14,
2018-03-15,
2018-03-16,
2018-03-19,
2018-03-20,
2018-03-21,
2018-03-22,
2018-03-23,
2018-03-26,
2018-03-27,
2018-03-28,
2018-04-02,
2018-04-03,
2018-04-04,
2018-04-05,
2018-04-06,
2018-04-09,
2018-04-10,
2018-04-11,
2018-04-12,
2018-04-13,
2018-04-16,
2018-04-17,
2018-04-18,
2018-04-19,
2018-04-20,
2018-04-23,
2018-04-24,
2018-04-25,
2018-04-26,
2018-04-27,
2018-04-30,
2018-05-02,
2018-05-03,
2018-05-04,
2018-05-07,
2018-05-08,
2018-05-09,
2018-05-10,
2018-05-11,
2018-05-14,
2018-05-15,
2018-05-16,
2018-05-17,
2018-05-18,
2018-05-21,
2018-05-22,
2018-05-23,
2018-05-24,
2018-05-25,
2018-05-28,
2018-05-29,
2018-05-30,
2018-05-31,
2018-06-01,
2018-06-04,
2018-06-05,
2018-06-06,
2018-06-07,
2018-06-08,
2018-06-11,
2018-06-12,
2018-06-13,
2018-06-14,
2018-06-15,
2018-06-18,
2018-06-19,
2018-06-20,
2018-06-21,
2018-06-22,
2018-06-25,
2018-06-26,
2018-06-27,
2018-06-28,
2018-06-29,
2018-07-02,
2018-07-03,
2018-07-04,
2018-07-05,
2018-07-06,
2018-07-09,
2018-07-10,
2018-07-11,
2018-07-12,
2018-07-13,
2018-07-16,
2018-07-17,
2018-07-18,
2018-07-19,
2018-07-20,
2018-07-23,
2018-07-24,
2018-07-25,
2018-07-26,
2018-07-27,
2018-07-30,
2018-07-31,
2018-08-01,
2018-08-02,
2018-08-03,
2018-08-06,
2018-08-07,
2018-08-08,
2018-08-09,
2018-08-10,
2018-08-13,
2018-08-14,
2018-08-16,
2018-08-17,
2018-08-20,
2018-08-21,
2018-08-23,
2018-08-24,
2018-08-27,
2018-08-28,
2018-08-29,
2018-08-30,
2018-08-31,
2018-09-03,
2018-09-04,
2018-09-05,
2018-09-06,
2018-09-07,
2018-09-10,
2018-09-11,
2018-09-12,
2018-09-14,
2018-09-17,
2018-09-18,
2018-09-19,
2018-09-21,
2018-09-24,
2018-09-25,
2018-09-26,
2018-09-27,
2018-09-28,
2018-10-01,
2018-10-03,
2018-10-04,
2018-10-05,
2018-10-08,
2018-10-09,
2018-10-10,
2018-10-11,
2018-10-12,
2018-10-15,
2018-10-16,
2018-10-17,
2018-10-19,
2018-10-22,
2018-10-23,
2018-10-24,
2018-10-25,
2018-10-26,
2018-10-29,
2018-10-30,
2018-10-31,
2018-11-01,
2018-11-02,
2018-11-05,
2018-11-06,
2018-11-07,
2018-11-09,
2018-11-12,
2018-11-13,
2018-11-14,
2018-11-15,
2018-11-16,
2018-11-19,
2018-11-20,
2018-11-21,
2018-11-22,
2018-11-26,
2018-11-27,
2018-11-28,
2018-11-29,
2018-11-30,
2018-12-03,
2018-12-04,
2018-12-05,
2018-12-06,
2018-12-07,
2018-12-10,
2018-12-11,
2018-12-12,
2018-12-13,
2018-12-14,
2018-12-17,
2018-12-18,
2018-12-19,
2018-12-20,
2018-12-21,
2018-12-24,
2018-12-26,
2018-12-27,
2018-12-28,
2018-12-31,
2019-01-01,
2019-01-02,
2019-01-03,
2019-01-04,
2019-01-07,
2019-01-08,
2019-01-09,
2019-01-10,
2019-01-11,
2019-01-14,
2019-01-15,
2019-01-16,
2019-01-17,
2019-01-18,
2019-01-21,
2019-01-22,
2019-01-23,
2019-01-24,
2019-01-25,
2019-01-28,
2019-01-29,
2019-01-30,
2019-01-31,
2019-02-01,
2019-02-04,
2019-02-05,
2019-02-06,
2019-02-07,
2019-02-08,
2019-02-11,
2019-02-12,
2019-02-14,
2019-02-15,
2019-02-18,
2019-02-19,
2019-02-20,
2019-02-21,
2019-02-22,
2019-02-25,
2019-02-26,
2019-02-27,
2019-02-28,
2019-03-01,
2019-03-05,
2019-03-06,
2019-03-07,
2019-03-08,
2019-03-11,
2019-03-12,
2019-03-13,
2019-03-14,
2019-03-15,
2019-03-18,
2019-03-19,
2019-03-20,
2019-03-22,
2019-03-25,
2019-03-26,
2019-03-27,
2019-03-28,
2019-04-01,
2019-04-02,
2019-04-03,
2019-04-04,
2019-04-05,
2019-04-08,
2019-04-09,
2019-04-10,
2019-04-11,
2019-04-12,
2019-04-15,
2019-04-16,
2019-04-18,
2019-04-22,
2019-04-23,
2019-04-24,
2019-04-25,
2019-04-26,
2019-04-30,
2019-05-02,
2019-05-03,
2019-05-06,
2019-05-07,
2019-05-08,
2019-05-09,
2019-05-10,
2019-05-13,
2019-05-14,
2019-05-15,
2019-05-16,
2019-05-17,
2019-05-20,
2019-05-21,
2019-05-22,
2019-05-23,
2019-05-24,
2019-05-27,
2019-05-28,
2019-05-29,
2019-05-30,
2019-05-31,
2019-06-03,
2019-06-04,
2019-06-06,
2019-06-07,
2019-06-10,
2019-06-11,
2019-06-12,
2019-06-13,
2019-06-14,
2019-06-17,
2019-06-18,
2019-06-19,
2019-06-20,
2019-06-21,
2019-06-24,
2019-06-25,
2019-06-26,
2019-06-27,
2019-06-28,
2019-07-01,
2019-07-02,
2019-07-03,
2019-07-04,
2019-07-05,
2019-07-08,
2019-07-09,
2019-07-10,
2019-07-11,
2019-07-12,
2019-07-15,
2019-07-16,
2019-07-17,
2019-07-18,
2019-07-19,
2019-07-22,
2019-07-23,
2019-07-24,
2019-07-25,
2019-07-26,
2019-07-29,
2019-07-30,
2019-07-31,
2019-08-01,
2019-08-02,
2019-08-05,
2019-08-06,
2019-08-07,
2019-08-08,
2019-08-09,
2019-08-13,
2019-08-14,
2019-08-16,
2019-08-19,
2019-08-20,
2019-08-21,
2019-08-22,
2019-08-23,
2019-08-26,
2019-08-27,
2019-08-28,
2019-08-29,
2019-08-30,
2019-09-03,
2019-09-04,
2019-09-05,
2019-09-06,
2019-09-09,
2019-09-11,
2019-09-12,
2019-09-13,
2019-09-16,
2019-09-17,
2019-09-18,
2019-09-19,
2019-09-20,
2019-09-23,
2019-09-24,
2019-09-25,
2019-09-26,
2019-09-27,
2019-09-30,
2019-10-01,
2019-10-03,
2019-10-04,
2019-10-07,
2019-10-09,
2019-10-10,
2019-10-11,
2019-10-14,
2019-10-15,
2019-10-16,
2019-10-17,
2019-10-18,
2019-10-22,
2019-10-23,
2019-10-24,
2019-10-25,
2019-10-27,
2019-10-29,
2019-10-30,
2019-10-31,
2019-11-01,
2019-11-04,
2019-11-05,
2019-11-06,
2019-11-07,
2019-11-08,
2019-11-11,
2019-11-13,
2019-11-14,
2019-11-15,
2019-11-18,
2019-11-19,
2019-11-20,
2019-11-21,
2019-11-22,
2019-11-25,
2019-11-26,
2019-11-27,
2019-11-28,
2019-11-29,
2019-12-02,
2019-12-03,
2019-12-04,
2019-12-05,
2019-12-06,
2019-12-09,
2019-12-10,
2019-12-11,
2019-12-12,
2019-12-13,
2019-12-16,
2019-12-17,
2019-12-18,
2019-12-19,
2019-12-20,
2019-12-23,
2019-12-24,
2019-12-26,
2019-12-27,
2019-12-30,
2019-12-31,
2020-01-01,
2020-01-02,
2020-01-03,
2020-01-06,
2020-01-07,
2020-01-08,
2020-01-09,
2020-01-10,
2020-01-13,
2020-01-14,
2020-01-15,
2020-01-16,
2020-01-17,
2020-01-20,
2020-01-21,
2020-01-22,
2020-01-23,
2020-01-24,
2020-01-27,
2020-01-28,
2020-01-29,
2020-01-30,
2020-01-31,
2020-02-03,
2020-02-04,
2020-02-05,
2020-02-06,
2020-02-07,
2020-02-10,
2020-02-11,
2020-02-12,
2020-02-13,
2020-02-14,
2020-02-17,
2020-02-18,
2020-02-19,
2020-02-20,
2020-02-24,
2020-02-25,
2020-02-26,
2020-02-27,
2020-02-28,
2020-03-02,
2020-03-03,
2020-03-04,
2020-03-05,
2020-03-06,
2020-03-09,
2020-03-11,
2020-03-12,
2020-03-13,
2020-03-16,
2020-03-17,
2020-03-18,
2020-03-19,
2020-03-20,
2020-03-23,
2020-03-24,
2020-03-25,
2020-03-26,
2020-03-27,
2020-03-30,
2020-03-31,
2020-04-01,
2020-04-03,
2020-04-07,
2020-04-08,
2020-04-09,
2020-04-13,
2020-04-15,
2020-04-16,
2020-04-17,
2020-04-20,
2020-04-21,
2020-04-22,
2020-04-23,
2020-04-24,
2020-04-27,
2020-04-28,
2020-04-29,
2020-04-30,
2020-05-04,
2020-05-05,
2020-05-06,
2020-05-07,
2020-05-08,
2020-05-11,
2020-05-12,
2020-05-13,
2020-05-14,
2020-05-15,
2020-05-18,
2020-05-19,
2020-05-20,
2020-05-21,
2020-05-22,
2020-05-26,
2020-05-27,
2020-05-28,
2020-05-29,
2020-06-01,
2020-06-02,
2020-06-03,
2020-06-04,
2020-06-05,
2020-06-08,
2020-06-09,
2020-06-10,
2020-06-11,
2020-06-12,
2020-06-15,
2020-06-16,
2020-06-17,
2020-06-18,
2020-06-19,
2020-06-22,
2020-06-23,
2020-06-24,
2020-06-25,
2020-06-26,
2020-06-29,
2020-06-30,
2020-07-01,
2020-07-02,
2020-07-03,
2020-07-06,
2020-07-07,
2020-07-08,
2020-07-09,
2020-07-10,
2020-07-13,
2020-07-14,
2020-07-15,
2020-07-16,
2020-07-17,
2020-07-20,
2020-07-21,
2020-07-22,
2020-07-23,
2020-07-24,
2020-07-27,
2020-07-28,
2020-07-29,
2020-07-30,
2020-07-31,
2020-08-03,
2020-08-04,
2020-08-05,
2020-08-06,
2020-08-07,
2020-08-10,
2020-08-11,
2020-08-12,
2020-08-13,
2020-08-14,
2020-08-17,
2020-08-18,
2020-08-19,
2020-08-20,
2020-08-21,
2020-08-24,
2020-08-25,
2020-08-26,
2020-08-27,
2020-08-28,
2020-08-31,
2020-09-01,
2020-09-02,
2020-09-03,
2020-09-04,
2020-09-07,
2020-09-08,
2020-09-09,
2020-09-10,
2020-09-11,
2020-09-14,
2020-09-15,
2020-09-16,
2020-09-17,
2020-09-18,
2020-09-21,
2020-09-22,
2020-09-23,
2020-09-24,
2020-09-25,
2020-09-28,
2020-09-29,
2020-09-30,
2020-10-01,
2020-10-05,
2020-10-06,
2020-10-07,
2020-10-08,
2020-10-09,
2020-10-12,
2020-10-13,
2020-10-14,
2020-10-15,
2020-10-16,
2020-10-19,
2020-10-20,
2020-10-21,
2020-10-22,
2020-10-23,
2020-10-26,
2020-10-27,
2020-10-28,
2020-10-29,
2020-10-30,
2020-11-02,
2020-11-03,
2020-11-04,
2020-11-05,
2020-11-06,
2020-11-09,
2020-11-10,
2020-11-11,
2020-11-12,
2020-11-13,
2020-11-14,
2020-11-17,
2020-11-18,
2020-11-19,
2020-11-20,
2020-11-23,
2020-11-24,
2020-11-25,
2020-11-26,
2020-11-27,
2020-12-01,
2020-12-02,
2020-12-03,
2020-12-04,
2020-12-07,
2020-12-08,
2020-12-09,
2020-12-10,
2020-12-11,
2020-12-14,
2020-12-15,
2020-12-16,
2020-12-17,
2020-12-18,
2020-12-21,
2020-12-22,
2020-12-23,
2020-12-24,
2020-12-28,
2020-12-29,
2020-12-30,
2020-12-31,
2021-01-01,
2021-01-04,
2021-01-05,
2021-01-06,
2021-01-07,
2021-01-08,
2021-01-11,
2021-01-12,
2021-01-13,
2021-01-14,
2021-01-15,
2021-01-18,
2021-01-19,
2021-01-20,
2021-01-21,
2021-01-22,
2021-01-25,
2021-01-27,
2021-01-28,
2021-01-29,
2021-02-01,
2021-02-02,
2021-02-03,
2021-02-04,
2021-02-05,
2021-02-08,
2021-02-09,
2021-02-10,
2021-02-11,
2021-02-12,
2021-02-15,
2021-02-16,
2021-02-17,
2021-02-18,
2021-02-19,
2021-02-22,
2021-02-23,
2021-02-24,
2021-02-25,
2021-02-26,
2021-03-01,
2021-03-02,
2021-03-03,
2021-03-04,
2021-03-05,
2021-03-08,
2021-03-09,
2021-03-10,
2021-03-12,
2021-03-15,
2021-03-16,
2021-03-17,
2021-03-18,
2021-03-19,
2021-03-22,
2021-03-23,
2021-03-24,
2021-03-25,
2021-03-26,
2021-03-30,
2021-03-31,
2021-04-01,
2021-04-05,
2021-04-06,
2021-04-07,
2021-04-08,
2021-04-09,
2021-04-12,
2021-04-13,
2021-04-15,
2021-04-16,
2021-04-19,
2021-04-20,
2021-04-22,
2021-04-23,
2021-04-26,
2021-04-27,
2021-04-28,
2021-04-29,
2021-04-30,
2021-05-03,
2021-05-04,
2021-05-05,
2021-05-06,
2021-05-07,
2021-05-10,
2021-05-11,
2021-05-12,
2021-05-14,
2021-05-17,
2021-05-18,
2021-05-19,
2021-05-20,
2021-05-21,
2021-05-24,
2021-05-25,
2021-05-26,
2021-05-27,
2021-05-28,
2021-05-31,
2021-06-01,
2021-06-02,
2021-06-03,
2021-06-04,
2021-06-07,
2021-06-08,
2021-06-09,
2021-06-10,
2021-06-11,
2021-06-14,
2021-06-15,
2021-06-16,
2021-06-17,
2021-06-18,
2021-06-21,
2021-06-22,
2021-06-23,
2021-06-24,
2021-06-25,
2021-06-28,
2021-06-29,
2021-06-30,
2021-07-01,
2021-07-02,
2021-07-05,
2021-07-06,
2021-07-07,
2021-07-08,
2021-07-09,
2021-07-12,
2021-07-13,
2021-07-14,
2021-07-15,
2021-07-16,
2021-07-19,
2021-07-20,
2021-07-22,
2021-07-23,
2021-07-26,
2021-07-27,
2021-07-28,
2021-07-29,
2021-07-30,
2021-08-02,
2021-08-03,
2021-08-04,
2021-08-05,
2021-08-06,
2021-08-09,
2021-08-10,
2021-08-11,
2021-08-12,
2021-08-13,
2021-08-16,
2021-08-17,
2021-08-18,
2021-08-20,
2021-08-23,
2021-08-24,
2021-08-25,
2021-08-26,
2021-08-27,
2021-08-30,
2021-08-31,
2021-09-01,
2021-09-02,
2021-09-03,
2021-09-06,
2021-09-07,
2021-09-08,
2021-09-09,
2021-09-13,
2021-09-14,
2021-09-15,
2021-09-16,
2021-09-17,
2021-09-20,
2021-09-21,
2021-09-22,
2021-09-23,
2021-09-24,
2021-09-27,
2021-09-28,
2021-09-29,
2021-09-30,
2021-10-01,
2021-10-04,
2021-10-05,
2021-10-06,
2021-10-07,
2021-10-08,
2021-10-11,
2021-10-12,
2021-10-13,
2021-10-14,
2021-10-18,
2021-10-19,
2021-10-20,
2021-10-21,
2021-10-22,
2021-10-25,
2021-10-26,
2021-10-27,
2021-10-28,
2021-10-29,
2021-11-01,
2021-11-02,
2021-11-03,
2021-11-04,
2021-11-08,
2021-11-09,
2021-11-10,
2021-11-11,
2021-11-12,
2021-11-15,
2021-11-16,
2021-11-17,
2021-11-18,
2021-11-22,
2021-11-23,
2021-11-24,
2021-11-25,
2021-11-26,
2021-11-29,
2021-11-30,
2021-12-01,
2021-12-02,
2021-12-03,
2021-12-06,
2021-12-07,
2021-12-08,
2021-12-09,
2021-12-10,
2021-12-13,
2021-12-14,
2021-12-15,
2021-12-16,
2021-12-17,
2021-12-20,
2021-12-21,
2021-12-22,
2021-12-23,
2021-12-24,
2021-12-27,
2021-12-28,
2021-12-29,
2021-12-30,
2021-12-31,
2022-01-03,0.2528942447309731
2022-01-04,0.3743683787335691
2022-01-05,0.4679553635657642
2022-01-06,0.44318158288870163
2022-01-07,0.27969312781794614
2022-01-10,0.3650965651443284
2022-01-11,0.192138494672554
2022-01-12,0.1769433464474498
2022-01-13,0.3943416781430014
2022-01-14,0.42812048418125925
2022-01-17,0.3972491043391917
2022-01-18,0.3912203190101962
2022-01-19,0.36994899264806086
2022-01-20,0.3097958343050134
2022-01-21,0.1690328465978338
2022-01-24,0.17509892557801168
2022-01-25,0.20249862628750148
2022-01-27,0.1797109370839131
2022-01-28,0.14304427041724643
2022-01-31,0.1490367888494772
2022-02-01,0.13774467678463787
2022-02-02,0.14107801011797116
2022-02-03,0.1425389917852331
2022-02-04,0.13209288996655205
2022-02-07,0.1245711768788012
2022-02-08,0.10274478798991235
2022-02-09,0.0977556293526721
2022-02-10,0.17704147630154604
2022-02-11,0.1577931272837461
2022-02-14,0.15603138029652575
2022-02-15,0.13277458424311675
2022-02-16,0.12274727750773202
2022-02-17,0.09742229601933879
2022-02-18,0.08966039125743402
2022-02-21,0.1293517976994465
2022-02-22,0.11290813479929518
2022-02-23,0.171794141531777
2022-02-24,0.13637760375057978
2022-02-25,0.11644563096146408
2022-02-28,0.12304427041724642
2022-03-02,0.11637760375057975
2022-03-03,0.11971093708391307
2022-03-04,0.1443118302912649
2022-03-07,0.11971093708391307
2022-03-08,0.15003386981434544
2022-03-09,0.1604905933842766
2022-03-10,0.15421940933502812
2022-03-11,0.13610082474097018
2022-03-14,0.15781033317135557
2022-03-15,0.1467314866297141
2022-03-16,0.1611436665046889
2022-03-17,0.15673148662971412
2022-03-21,0.1604905933842766
2022-03-22,0.15715726005094321
2022-03-23,0.1223701221828105
2022-03-24,0.11387253154625941
2022-03-25,0.11971093708391307
2022-03-28,0.11637760375057975
2022-03-29,0.11637760375057975
2022-03-30,0.16541122830491148
2022-03-31,0.15447699983802224
2022-04-01,0.15447699983802224
2022-04-04,0.15447699983802224
2022-04-05,0.15447699983802224
2022-04-06,0.18717167011805838
2022-04-07,0.17738925045523687
2022-04-08,0.2168356181009624
2022-04-11,0.19337866235637335
2022-04-12,0.3528924448583691
2022-04-13,0.43296396206853
2022-04-18,0.4288988148436182
2022-04-19,0.44013197689200617
2022-04-20,0.4186262413253095
2022-04-21,0.34471811460689167
2022-04-22,0.4543111063082049
2022-04-25,0.4062790984738461
2022-04-26,0.42468829269858793
2022-04-27,0.385085962702504
2022-04-28,0.3137904444466272
2022-04-29,0.5958756094084303
2022-05-02,0.6026357760739725
2022-05-04,0.4326429144641194
2022-05-05,0.23261162573618216
2022-05-06,0.2981608717074503
2022-05-09,0.3641251400122694
2022-05-10,0.6351606616198012
2022-05-11,0.635972096420206
2022-05-12,0.6459029555003685
2022-05-13,0.6013472884766612
2022-05-16,0.530857084341394
2022-05-17,0.39953806251100055
2022-05-18,0.5532404731976428
2022-05-19,0.4850666999745608
2022-05-20,0.7575885262662467
2022-05-23,0.6302132936112457
2022-05-24,0.6084388844412287
2022-05-25,0.5727831745648301
2022-05-26,0.6065044772306375
2022-05-27,0.5170493062762131
2022-05-30,0.4096075501466956
2022-05-31,0.38588622225421365
2022-06-01,0.5612241224988092
2022-06-02,0.6852951970611552
2022-06-03,0.6676218065214554
2022-06-06,0.6595994588546823
2022-06-07,0.6507168208220353
2022-06-08,0.4041186388287196
2022-06-09,0.6053627887416404
2022-06-10,0.4557111810231939
2022-06-13,0.458059770840765
2022-06-14,0.2629069033740591
2022-06-15,0.22263905466388603
2022-06-16,0.20430475203887483
2022-06-17,0.43798852262669385
2022-06-20,0.5067674920196772
2022-06-21,0.7378772817766109
2022-06-22,0.5312145031861225
2022-06-23,0.5066871904672953
2022-06-24,0.5688550724359996
2022-06-27,0.7409568375974771
2022-06-28,0.49719333490800666
2022-06-29,0.5674357230752695
2022-06-30,0.4895477437676996
2022-07-01,0.48846692798817876
2022-07-04,0.5516887284547476
2022-07-05,0.541200155885431
2022-07-06,0.60435075085048
2022-07-07,0.5453613441774451
2022-07-08,0.4992138119442896
2022-07-11,0.5231215727156252
2022-07-12,0.6750703035959934
2022-07-13,0.6766315934081055
2022-07-14,0.686305989132907
2022-07-15,0.49318263547134233
2022-07-18,0.4748880645901877
2022-07-19,0.6133152879471404
2022-07-20,0.5742179536547167
2022-07-21,0.5772999199439561
2022-07-22,0.5517933261680059
2022-07-25,0.6376206436247638
2022-07-26,0.5495322539694231
2022-07-27,0.5286854093680856
2022-07-28,0.5305242313341069
2022-07-29,0.6264949353638323
2022-08-01,0.45319304218421363
2022-08-02,0.4383111735782335
2022-08-03,0.762275880114643
2022-08-04,0.42634776415177333
2022-08-05,0.6394240481332388
2022-08-08,0.4429651583272637
2022-08-10,0.49982339730582975
2022-08-11,0.530362236651061
2022-08-12,0.5091582285411622
2022-08-16,0.6386968919039123
2022-08-17,0.4462957385187723
2022-08-18,0.4432500433402415
2022-08-19,0.4878066136281907
2022-08-22,0.47896316943323164
2022-08-23,0.5213441479884234
2022-08-24,0.5632064634588955
2022-08-25,0.5588242437785659
2022-08-26,0.4372386681393859
2022-08-29,0.3130297404930127
2022-08-30,0.4487352081134035
2022-09-01,0.6483338326007761
2022-09-02,0.7463688085328026
2022-09-05,0.6067378801555187
2022-09-06,0.6945415120920005
2022-09-07,0.5483018186986697
2022-09-08,0.6047855695227495
2022-09-09,0.4673470280069467
2022-09-12,0.6507368408024415
2022-09-13,0.44519379058297215
2022-09-14,0.4251149290604973
2022-09-15,0.595342223404146
2022-09-16,0.7830181323836486
2022-09-19,0.5770775477051235
2022-09-20,0.5455360543258079
2022-09-21,0.7035128523806701
2022-09-22,0.5338971392856436
2022-09-23,0.5267113882624288
2022-09-26,0.40176019278652636
2022-09-27,0.5995573837000333
2022-09-28,0.74687249997208
2022-09-29,0.7008099650768013
2022-09-30,0.5451611854776846
2022-10-03,0.4286385179679556
2022-10-04,0.5413227341014969
2022-10-06,0.4891955749663569
2022-10-07,0.5000719484204917
2022-10-10,0.6322069853961003
2022-10-11,0.6502302998993202
2022-10-12,0.5235587098678781
2022-10-13,0.6025153917472028
2022-10-14,0.6157681319583609
2022-10-17,0.6782126258582025
2022-10-18,0.5031792148021225
2022-10-19,0.45010827577758533
2022-10-20,0.49877026837546834
2022-10-21,0.4367903051191911
2022-10-24,0.4669637793943868
2022-10-25,0.47527983230331067
2022-10-27,0.48591814570078945
2022-10-28,0.5230254905227599
2022-10-31,0.5659345222624513
2022-11-01,0.6220073440617775
2022-11-02,0.5041903250572314
2022-11-03,0.5632865118633051
2022-11-04,0.35263005707465195
2022-11-07,0.3930768830934053
2022-11-09,0.6380620476969557
2022-11-10,0.6802250337606942
2022-11-11,0.566690231072402
2022-11-14,0.43353973305792837
2022-11-15,0.4597908137591211
2022-11-16,0.46729383715577144
2022-11-17,0.44499945269628277
2022-11-18,0.4255594451769743
2022-11-21,0.34659829005331877
2022-11-22,0.2973051970758739
2022-11-23,0.3426308692980714
2022-11-24,0.3526830707840672
2022-11-25,0.3022833299506731
2022-11-28,0.3099603401095079
2022-11-29,0.3202142793377225
2022-11-30,0.5015723709261717
2022-12-01,0.5035178663226042
2022-12-02,0.27744995142902856
2022-12-05,0.5271175780568923
2022-12-06,0.6382001683530464
2022-12-07,0.5983747398488212
2022-12-08,0.5589838903346037
2022-12-09,0.6136368292807503
2022-12-12,0.2985542523985059
2022-12-13,0.2638069973344823
2022-12-14,0.4267589808106495
2022-12-15,0.424669035399957
2022-12-16,0.3520667182547243
2022-12-19,0.31725701129894335
2022-12-20,0.2851201438521476
2022-12-21,0.551990839719628
2022-12-22,0.701680460742105
2022-12-23,0.6028762403675247
2022-12-26,0.6813003001901442
2022-12-27,0.6562390043309699
2022-12-28,0.6308151375496367
2022-12-29,0.5355661971333592
2022-12-30,0.6370761961972279
2023-01-02,0.3096221534420191
2023-01-03,0.29328020178233255
2023-01-04,0.5783317743909213
2023-01-05,0.5507583060375766
2023-01-06,0.568328696212001
2023-01-09,0.5549962094601096
2023-01-10,0.49956608481861525
2023-01-11,0.44538354947335884
2023-01-12,0.29818795160069567
2023-01-13,0.34512592959679544
2023-01-16,0.5032975681184442
2023-01-17,0.3586634116283523
2023-01-18,0.3191380640273003
2023-01-19,0.4174778408840288
2023-01-20,0.5929584169009203
2023-01-23,0.3866367027970598
2023-01-24,0.5210809922639956
2023-01-25,0.39076209893917685
2023-01-27,0.5798238668070774
2023-01-30,0.5714066387239197
2023-01-31,0.6881140630619504
2023-02-01,0.7157690356650784
2023-02-02,0.5947459891449534
2023-02-03,0.727206377782936
2023-02-06,0.710370963371492
2023-02-07,0.7025545125309038
2023-02-08,0.5023139921808257
2023-02-09,0.4424916258878135
2023-02-10,0.5443782176080131
2023-02-13,0.5120576903645973
2023-02-14,0.48498937576067913
2023-02-15,0.5462309850694267
2023-02-16,0.6347889188268562
2023-02-17,0.7436952775280412
2023-02-20,0.41091406279894166
2023-02-21,0.7337414494364286
2023-02-22,0.4245474305007009
2023-02-23,0.4203987851477127
2023-02-24,0.6659001170270122
2023-02-27,0.40414384536246784
2023-02-28,0.6888974007207145
2023-03-01,0.4822764951777348
2023-03-02,0.39147155937631006
2023-03-03,0.46629681638748927
2023-03-06,0.5256242614864841
2023-03-08,0.6087485153379656
2023-03-09,0.6771551464842241
2023-03-10,0.3429750870674978
2023-03-13,0.3497434865999009
2023-03-14,0.5613121666218875
2023-03-15,0.32624928953771176
2023-03-16,0.27954729319000143
2023-03-17,0.2203369987429671
2023-03-20,0.20520497437410531
2023-03-21,0.2289633848240256
2023-03-22,0.20109215792026294
2023-03-23,0.5580617304668058
2023-03-24,0.6913054595219608
2023-03-27,0.7613123365284591
2023-03-28,0.8145322758442242
2023-03-29,0.8051931995099567
2023-03-31,0.48178368637781555
2023-04-03,0.476045293160586
2023-04-05,0.8074655031995231
2023-04-06,0.48374613465380917
2023-04-10,0.412348263103024
2023-04-11,0.4140131356686771
2023-04-12,0.4790799573563209
2023-04-13,0.4385906811707551
2023-04-17,0.43532886043942653
2023-04-18,0.554093293018821
2023-04-19,0.5493573102820201
2023-04-20,0.5112919720789741
2023-04-21,0.5077464808596409
2023-04-24,0.5920019633737661
2023-04-25,0.6313752179083771
2023-04-26,0.574576481654742
2023-04-27,0.5412411229471699
2023-04-28,0.5151979303791882
2023-05-02,0.49680891090195556
2023-05-03,0.4355308972788659
2023-05-04,0.49751424991230425
2023-05-05,0.43894134164704646
2023-05-08,0.4075908771652474
2023-05-09,0.5141239327039414
2023-05-10,0.5358109087951545
2023-05-11,0.6045085042818883
2023-05-12,0.765792463368258
2023-05-15,0.7882032793855245
2023-05-16,0.8528672666279093
2023-05-17,0.8652365459706888
2023-05-18,0.4611242397673927
2023-05-19,0.4733317834995564
2023-05-22,0.4881021228876825
2023-05-23,0.48456171674561604
2023-05-24,0.42314933920151515
2023-05-25,0.7398460741987603
2023-05-26,0.4518766508835725
2023-05-29,0.401157937730292
2023-05-30,0.6206800087728472
2023-05-31,0.8289330405110195
2023-06-01,0.8471135534514685
2023-06-02,0.37664393992666767
2023-06-05,0.8023605161028341
2023-06-06,0.8654313370195862
2023-06-07,0.8539705984460492
2023-06-08,0.6373425446274896
2023-06-09,0.7690440260386285
2023-06-12,0.7602857327076019
2023-06-13,0.7919360623138851
2023-06-14,0.5667920831482616
2023-06-15,0.4248232896952319
2023-06-16,0.4068907398457341
2023-06-19,0.3666954900267281
2023-06-20,0.30847049694901546
2023-06-21,0.4208965847328502
2023-06-22,0.2307730148393759
2023-06-23,0.24815711228891232
2023-06-26,0.2343511506456334
2023-06-27,0.2464769270067488
2023-06-28,0.25382097432470213
2023-06-30,0.2915312511013799
2023-07-03,0.3546295857237375
2023-07-04,0.3624170408605629
2023-07-05,0.2581561929911317
2023-07-06,0.3363513781764421
2023-07-07,0.3612535144517277
2023-07-10,0.22702245892934664
2023-07-11,0.19997295174587076
2023-07-12,0.22004202008137067
2023-07-13,0.3159366100885494
2023-07-14,0.3200433709264572
2023-07-17,0.3882498408483523
2023-07-18,0.3931012116997232
2023-07-19,0.36291816320838327
2023-07-20,0.29617609045283916
2023-07-21,0.216023745015526
2023-07-24,0.24378517459265572
2023-07-25,0.2563661939317395
2023-07-26,0.25419277780912314
2023-07-27,0.3007533364595207
2023-07-28,0.3001913518109144
2023-07-31,0.29562606570621763
2023-08-01,0.3082751058778418
2023-08-02,0.42007935781996747
2023-08-03,0.4221742215705061
2023-08-04,0.4270891505112972
2023-08-07,0.5692947345429622
2023-08-08,0.5534599513478241
2023-08-09,0.49201973640259516
2023-08-10,0.5974811710380127
2023-08-11,0.4098211323348406
2023-08-14,0.29148235413589335
2023-08-16,0.3503098709726381
2023-08-17,0.286383063081637
2023-08-18,0.335773146424016
2023-08-21,0.38928525598594294
2023-08-22,0.4296415018481801
2023-08-23,0.3510867856450197
2023-08-24,0.30487369676508935
2023-08-25,0.4767834668997918
2023-08-28,0.27538397935282183
2023-08-29,0.29051349901374546
2023-08-30,0.20691241015304485
2023-08-31,0.21405925239530252
2023-09-01,0.19212782302203968
2023-09-04,0.1859483447738954
2023-09-05,0.16132173607082487
2023-09-06,0.17839409000721382
2023-09-07,0.18528470286025348
2023-09-08,0.17672742334054714
2023-09-11,0.2428105108832244
2023-09-12,0.264734118320286
2023-09-13,0.33945447474573653
2023-09-14,0.402833344286542
2023-09-15,0.38336800971652113
2023-09-18,0.2868209221418984
2023-09-20,0.3322649286439125
2023-09-21,0.3484702621940368
2023-09-22,0.32047497763498145
2023-09-25,0.2069277263057411
2023-09-26,0.15725230066796533
2023-09-27,0.19874353952114943
2023-09-28,0.1716425606871281
2023-09-29,0.36147492693133393
2023-10-03,0.33291354918025484
2023-10-04,0.35717179280124933
2023-10-05,0.32784803365372234
2023-10-06,0.3342810705477762
2023-10-09,0.2151116114752903
2023-10-10,0.3983928561762476
2023-10-11,0.3544102614716599
2023-10-12,0.4491106854061078
2023-10-13,0.46415472228028715
2023-10-16,0.3665454111597523
2023-10-17,0.22994514983731387
2023-10-18,0.20923344292605797
2023-10-19,0.22381863268442265
2023-10-20,0.32711227847024543
2023-10-23,0.3359311397104836
2023-10-25,0.3032531180593802
2023-10-26,0.3085906676878033
2023-10-27,0.3070073343544699
2023-10-30,0.36293665546703685
2023-10-31,0.3877577802477876
2023-11-01,0.4906424978228087
2023-11-02,0.5142473177508852
2023-11-03,0.501995265966838
2023-11-06,0.5682723908767763
2023-11-07,0.590974989923859
2023-11-08,0.591197121181791
2023-11-09,0.5838471116091423
2023-11-10,0.634743955759756
2023-11-13,0.4956272041455539
2023-11-15,0.5447641486070158
2023-11-16,0.650357016321723
2023-11-17,0.5910759058548033
2023-11-20,0.47971884089493194
2023-11-21,0.3805044413591508
2023-11-22,0.5705320070076247
2023-11-23,0.5090946451743839
2023-11-24,0.45226665153992013
2023-11-28,0.4096969240306797
2023-11-29,0.6051431633504275
2023-11-30,0.5251290491391313
2023-12-01,0.5101950624537566
2023-12-04,0.4557855318535396
2023-12-05,0.8046531833990781
2023-12-06,0.4232645966814126
2023-12-07,0.43581758692053524
2023-12-08,0.46536680170759714
2023-12-11,0.4105788993009758
2023-12-12,0.5080359641803674
2023-12-13,0.4971153954204654
2023-12-14,0.6051836695179967
2023-12-15,0.5438337257564669
2023-12-18,0.39671081967979294
2023-12-19,0.45061120893735546
2023-12-20,0.5197398957087451
2023-12-21,0.7409382673428292
2023-12-22,0.6438585179152037
2023-12-26,0.6456105891042867
2023-12-27,0.2911856264221753
2023-12-28,0.13212458986151648
2023-12-29,0.1669639222321477
2024-01-01,0.42954634750074244
2024-01-02,0.11283953952189149
2024-01-03,0.3950724030509956
2024-01-04,0.47133513615122863
2024-01-05,0.4284347943108624
2024-01-08,0.4015865142279126
2024-01-09,0.6619102961263955
2024-01-10,0.5076754459110108
2024-01-11,0.5550085865927479
2024-01-12,0.5379241694130511
2024-01-15,0.5434396399004914
2024-01-16,0.608811876396032
2024-01-17,0.5746999622845387
2024-01-18,0.6379150262523862
2024-01-19,0.2836279018397901
2024-01-23,0.29259546938683273
2024-01-24,0.30271127578194174
2024-01-25,0.6190475027963251
2024-01-29,0.5190691950777023
2024-01-30,0.6457646584779773
2024-01-31,0.598415268710975
2024-02-01,0.6658335457378457
2024-02-02,0.5413426978392221
2024-02-05,0.5579720194231357
2024-02-06,0.7240635582699206
2024-02-07,0.5638892592110353
2024-02-08,0.49805944715482686
2024-02-09,0.37939151713760405
2024-02-12,0.5045975954673837
2024-02-13,0.38627335805265367
2024-02-14,0.36019996689648054
2024-02-15,0.49274270675282583
2024-02-16,0.4901554051655244
2024-02-19,0.4956315956417148
2024-02-20,0.6291675025799531
2024-02-21,0.6306369959949144
2024-02-22,0.6333051837393733
2024-02-23,0.6402573492209505
2024-02-26,0.6168363859704017
2024-02-27,0.6082692599867999
2024-02-28,0.5996291767261543
2024-02-29,0.6382823633173301
2024-03-01,0.5133606720650067
2024-03-04,0.4708574637681398
2024-03-05,0.4698129517902808
2024-03-06,0.4348129517902808
2024-03-07,0.5026726895184396
2024-03-11,0.3810815202613509
2024-03-12,0.37937637038372757
2024-03-13,0.36297521545917116
2024-03-14,0.6126748274289561
2024-03-15,0.7487462856607502
2024-03-18,0.5579802817313075
2024-03-19,0.5535885810478305
2024-03-20,0.5858558825600032
2024-03-21,0.5941497678298719
2024-03-22,0.5127299276298773
2024-03-26,0.5598784073854453
2024-03-27,0.5839927182420515
2024-03-28,0.630351323099072
2024-04-01,0.518131280404036
2024-04-02,0.4583574637681398
2024-04-03,0.4080504425458438
2024-04-04,0.4361293815729607
2024-04-05,0.449565101115608
2024-04-08,0.44462846405829465
2024-04-09,0.3316446778750743
2024-04-10,0.4071360486209104
2024-04-12,0.553062834065652
2024-04-15,0.7703123617035703
2024-04-16,0.7777574874831983
2024-04-18,0.7780138977396085
2024-04-19,0.7613038823465901
2024-04-22,0.7558435648862726
2024-04-23,0.726861497298316
2024-04-24,0.7298593050637437
2024-04-25,0.7312995195142782
2024-04-26,0.7428949338000124
2024-04-29,0.6229619236364876
2024-04-30,0.6599773555302436
2024-05-02,0.557371090774093
2024-05-03,0.49222874281833046
2024-05-06,0.5175413183129872
2024-05-07,0.4862949898860497
2024-05-08,0.6674824698287957
2024-05-09,0.7284711425446253
2024-05-10,0.6206438497330544
2024-05-13,0.6268004447565682
2024-05-14,0.7183018472113718
2024-05-15,0.7667859475762894
2024-05-16,0.7891406163577531
2024-05-17,0.7847315276441177
2024-05-21,0.537505682913149
2024-05-22,0.6989087292045427
2024-05-23,0.3824302519401221
2024-05-24,0.4266764803912368
2024-05-27,0.7277660589096895
2024-05-28,0.4705746356434352
2024-05-29,0.6729603635518675
2024-05-30,0.5118520414536327
2024-05-31,0.589472393738269
2024-06-03,0.4524590180761307
2024-06-04,0.6697434776588261
2024-06-05,0.5591232262993904
2024-06-06,0.400983792333015
2024-06-07,0.3053828875398299
2024-06-10,0.3183914659149245
2024-06-11,0.478833102233052
2024-06-12,0.488833102233052
2024-06-13,0.47697736537731494
2024-06-14,0.6183714568242138
2024-06-18,0.6933429911054181
2024-06-19,0.6241901232883481
2024-06-20,0.6069960717310501
2024-06-21,0.6820265297784859
2024-06-24,0.7266336476136566
2024-06-25,0.7444034728602261
2024-06-26,0.7555871546298625
2024-06-27,0.7566101486341997
2024-06-28,0.7265933580762036
2024-07-01,0.641336770066708
2024-07-02,0.5282171194915011
2024-07-03,0.5781523453534148
2024-07-04,0.5590728845345141
2024-07-05,0.6272500507655727
2024-07-08,0.5824843865111188
2024-07-09,0.5865970076289969
2024-07-10,0.6027415307752203
2024-07-11,0.6703451345336193
2024-07-12,0.6176481043374925
2024-07-15,0.6198855215577957
2024-07-16,0.6644954742023675
2024-07-18,0.4883882570458183
2024-07-19,0.439578591808625
2024-07-22,0.3992660092990338
2024-07-23,0.5787873563954695
2024-07-24,0.5118854797820183
2024-07-25,0.606357726337472
2024-07-26,0.5984083001803632
2024-07-29,0.6599229460391395
2024-07-30,0.5492322486725608
2024-07-31,0.3738080927068961
2024-08-01,0.6077358847211762
2024-08-02,0.482829353269656
2024-08-05,0.6408317449799816
2024-08-06,0.506125226209791
2024-08-07,0.4691176770323015
2024-08-08,0.5129840578584648
2024-08-09,0.5197468444468284
2024-08-12,0.5750692543250973
2024-08-13,0.5753237983565932
2024-08-14,0.4791478125688542
2024-08-16,0.511284422957818
2024-08-19,0.4455393718558825
2024-08-20,0.3969515078753979
2024-08-21,0.1735971589146951
2024-08-22,0.18988119588562138
2024-08-23,0.2417171924074741
2024-08-26,0.18544284067868433
2024-08-27,0.11231001876000626
2024-08-28,0.13570345551614382
2024-08-29,0.12977896429479743
2024-08-30,0.12866785318368634
2024-09-02,0.16709282357641692
2024-09-03,0.24488163135798374
2024-09-04,0.45821519199519856
2024-09-05,0.4304980446667836
2024-09-06,0.4499372231220748
2024-09-09,0.4285972659117139
2024-09-10,0.4312014030929023
2024-09-11,0.3829432603331772
2024-09-12,0.23237400970516361
2024-09-13,0.3807845929985677
2024-09-16,0.2868607296649291
2024-09-17,0.19857764380298176
2024-09-18,0.13106580579704327
2024-09-19,0.1882394566108589
2024-09-20,0.1397109370839131
2024-09-23,0.19110601373134062
2024-09-24,0.25003703165783503
2024-09-25,0.27035175614128926
2024-09-26,0.27861564503017816
2024-09-27,0.260803630634849
2024-09-30,0.19877826851590397
2024-10-01,0.1305391982129261
2024-10-03,0.1510780101179712
2024-10-04,0.14964943868939976
2024-10-07,0.19046639361942935
2024-10-08,0.20182481179386258
2024-10-09,0.22551190599005602
2024-10-10,0.1490367888494772
2024-10-11,0.1397109370839131
2024-10-14,0.14637760375057976
2024-10-15,0.14311229762813077
2024-10-16,0.14311229762813077
2024-10-17,0.13637760375057978
2024-10-18,0.1397109370839131
2024-10-21,0.14964943868939976
2024-10-22,0.13903678884947718
2024-10-23,0.14964943868939976
2024-10-24,0.15447699983802224
2024-10-25,0.15781033317135557
2024-10-28,0.1611436665046889
2024-10-29,0.1611436665046889
2024-10-30,0.15781033317135557
2024-10-31,0.15603138029652575
2024-11-01,0.15769804696319242
2024-11-04,0.1593118302912649
2024-11-05,0.15173967205734193
2024-11-06,0.1838239267176099
2024-11-07,0.3921715687733316
2024-11-08,0.3720554189015691
2024-11-11,0.2842494340321885
2024-11-12,0.23914521583959403
2024-11-13,0.29441478104378993
2024-11-14,0.2619967702179798
2024-11-18,0.19761182216016582
2024-11-19,0.16544493518257064
2024-11-21,0.1223701221828105
2024-11-22,0.1380938831338442
2024-11-25,0.13964943868939975
2024-11-26,0.15679828569196888
2024-11-27,0.17049059338427655
2024-11-28,0.1592216987123175
2024-11-29,0.15603138029652575
2024-12-02,0.1664686930363629
2024-12-03,0.1580217233393932
2024-12-04,0.1493647136298591
2024-12-05,0.1440780101179712
2024-12-06,0.1754112283049115
2024-12-09,0.18043434233737807
2024-12-10,0.23644406417912278
2024-12-11,0.3240091801640373
2024-12-12,0.26987540130550713
2024-12-13,0.263191528751231
2024-12-16,0.41941491071817455
2024-12-17,0.4016895320023978
2024-12-18,0.3962801480700253
2024-12-19,0.370754895033588
2024-12-20,0.4125903031205784
2024-12-23,0.2123605126896657
2024-12-24,0.1837885808976252
2024-12-26,0.1253606931495464
2024-12-27,0.30821177907566477
2024-12-30,0.4197941295646895
2024-12-31,0.5640938800201041
