Date,ml_prob_logit
2015-01-08,
2015-01-09,
2015-01-12,
2015-01-13,
2015-01-14,
2015-01-15,
2015-01-16,
2015-01-19,
2015-01-20,
2015-01-21,
2015-01-22,
2015-01-23,
2015-01-27,
2015-01-28,
2015-01-29,
2015-01-30,
2015-02-02,
2015-02-03,
2015-02-04,
2015-02-05,
2015-02-06,
2015-02-09,
2015-02-10,
2015-02-11,
2015-02-12,
2015-02-13,
2015-02-16,
2015-02-18,
2015-02-19,
2015-02-20,
2015-02-23,
2015-02-24,
2015-02-25,
2015-02-26,
2015-02-27,
2015-03-02,
2015-03-03,
2015-03-04,
2015-03-05,
2015-03-09,
2015-03-10,
2015-03-11,
2015-03-12,
2015-03-13,
2015-03-16,
2015-03-17,
2015-03-18,
2015-03-19,
2015-03-20,
2015-03-23,
2015-03-24,
2015-03-25,
2015-03-26,
2015-03-27,
2015-03-30,
2015-03-31,
2015-04-01,
2015-04-06,
2015-04-07,
2015-04-08,
2015-04-09,
2015-04-10,
2015-04-13,
2015-04-15,
2015-04-16,
2015-04-17,
2015-04-20,
2015-04-21,
2015-04-22,
2015-04-23,
2015-04-24,
2015-04-27,
2015-04-28,
2015-04-29,
2015-04-30,
2015-05-04,
2015-05-05,
2015-05-06,
2015-05-07,
2015-05-08,
2015-05-11,
2015-05-12,
2015-05-13,
2015-05-14,
2015-05-15,
2015-05-18,
2015-05-19,
2015-05-20,
2015-05-21,
2015-05-22,
2015-05-25,
2015-05-26,
2015-05-27,
2015-05-28,
2015-05-29,
2015-06-01,
2015-06-02,
2015-06-03,
2015-06-04,
2015-06-05,
2015-06-08,
2015-06-09,
2015-06-10,
2015-06-11,
2015-06-12,
2015-06-15,
2015-06-16,
2015-06-17,
2015-06-18,
2015-06-19,
2015-06-22,
2015-06-23,
2015-06-24,
2015-06-25,
2015-06-26,
2015-06-29,
2015-06-30,
2015-07-01,
2015-07-02,
2015-07-03,
2015-07-06,
2015-07-07,
2015-07-08,
2015-07-09,
2015-07-10,
2015-07-13,
2015-07-14,
2015-07-15,
2015-07-16,
2015-07-17,
2015-07-20,
2015-07-21,
2015-07-22,
2015-07-23,
2015-07-24,
2015-07-27,
2015-07-28,
2015-07-29,
2015-07-30,
2015-07-31,
2015-08-03,
2015-08-04,
2015-08-05,
2015-08-06,
2015-08-07,
2015-08-10,
2015-08-11,
2015-08-12,
2015-08-13,
2015-08-14,
2015-08-17,
2015-08-18,
2015-08-19,
2015-08-20,
2015-08-21,
2015-08-24,
2015-08-25,
2015-08-26,
2015-08-27,
2015-08-28,
2015-08-31,
2015-09-01,
2015-09-02,
2015-09-03,
2015-09-04,
2015-09-07,
2015-09-08,
2015-09-09,
2015-09-10,
2015-09-11,
2015-09-14,
2015-09-15,
2015-09-16,
2015-09-18,
2015-09-21,
2015-09-22,
2015-09-23,
2015-09-24,
2015-09-28,
2015-09-29,
2015-09-30,
2015-10-01,
2015-10-05,
2015-10-06,
2015-10-07,
2015-10-08,
2015-10-09,
2015-10-12,
2015-10-13,
2015-10-14,
2015-10-15,
2015-10-16,
2015-10-19,
2015-10-20,
2015-10-21,
2015-10-23,
2015-10-26,
2015-10-27,
2015-10-28,
2015-10-29,
2015-10-30,
2015-11-02,
2015-11-03,
2015-11-04,
2015-11-05,
2015-11-06,
2015-11-09,
2015-11-10,
2015-11-13,
2015-11-16,
2015-11-17,
2015-11-18,
2015-11-19,
2015-11-20,
2015-11-23,
2015-11-24,
2015-11-26,
2015-11-27,
2015-11-30,
2015-12-01,
2015-12-02,
2015-12-03,
2015-12-04,
2015-12-07,
2015-12-08,
2015-12-09,
2015-12-10,
2015-12-11,
2015-12-14,
2015-12-15,
2015-12-16,
2015-12-17,
2015-12-18,
2015-12-21,
2015-12-22,
2015-12-23,
2015-12-24,
2015-12-28,
2015-12-29,
2015-12-30,
2015-12-31,
2016-01-01,
2016-01-04,
2016-01-05,
2016-01-06,
2016-01-07,
2016-01-08,
2016-01-11,
2016-01-12,
2016-01-13,
2016-01-14,
2016-01-15,
2016-01-18,
2016-01-19,
2016-01-20,
2016-01-21,
2016-01-22,
2016-01-25,
2016-01-27,
2016-01-28,
2016-01-29,
2016-02-01,
2016-02-02,
2016-02-03,
2016-02-04,
2016-02-05,
2016-02-08,
2016-02-09,
2016-02-10,
2016-02-11,
2016-02-12,
2016-02-15,
2016-02-16,
2016-02-17,
2016-02-18,
2016-02-19,
2016-02-22,
2016-02-23,
2016-02-24,
2016-02-25,
2016-02-26,
2016-02-29,
2016-03-01,
2016-03-02,
2016-03-03,
2016-03-04,
2016-03-08,
2016-03-09,
2016-03-10,
2016-03-11,
2016-03-14,
2016-03-15,
2016-03-16,
2016-03-17,
2016-03-18,
2016-03-21,
2016-03-22,
2016-03-23,
2016-03-28,
2016-03-29,
2016-03-30,
2016-03-31,
2016-04-01,
2016-04-04,
2016-04-05,
2016-04-06,
2016-04-07,
2016-04-08,
2016-04-11,
2016-04-12,
2016-04-13,
2016-04-18,
2016-04-20,
2016-04-21,
2016-04-22,
2016-04-25,
2016-04-26,
2016-04-27,
2016-04-28,
2016-04-29,
2016-05-02,
2016-05-03,
2016-05-04,
2016-05-05,
2016-05-06,
2016-05-09,
2016-05-10,
2016-05-11,
2016-05-12,
2016-05-13,
2016-05-16,
2016-05-17,
2016-05-18,
2016-05-19,
2016-05-20,
2016-05-23,
2016-05-24,
2016-05-25,
2016-05-26,
2016-05-27,
2016-05-30,
2016-05-31,
2016-06-01,
2016-06-02,
2016-06-03,
2016-06-06,
2016-06-07,
2016-06-08,
2016-06-09,
2016-06-10,
2016-06-13,
2016-06-14,
2016-06-15,
2016-06-16,
2016-06-17,
2016-06-20,
2016-06-21,
2016-06-22,
2016-06-23,
2016-06-24,
2016-06-27,
2016-06-28,
2016-06-29,
2016-06-30,
2016-07-01,
2016-07-04,
2016-07-05,
2016-07-07,
2016-07-08,
2016-07-11,
2016-07-12,
2016-07-13,
2016-07-14,
2016-07-15,
2016-07-18,
2016-07-19,
2016-07-20,
2016-07-21,
2016-07-22,
2016-07-25,
2016-07-26,
2016-07-27,
2016-07-28,
2016-07-29,
2016-08-01,
2016-08-02,
2016-08-03,
2016-08-04,
2016-08-05,
2016-08-08,
2016-08-09,
2016-08-10,
2016-08-11,
2016-08-12,
2016-08-16,
2016-08-17,
2016-08-18,
2016-08-19,
2016-08-22,
2016-08-23,
2016-08-24,
2016-08-25,
2016-08-26,
2016-08-29,
2016-08-30,
2016-08-31,
2016-09-01,
2016-09-02,
2016-09-06,
2016-09-07,
2016-09-08,
2016-09-09,
2016-09-12,
2016-09-14,
2016-09-15,
2016-09-16,
2016-09-19,
2016-09-20,
2016-09-21,
2016-09-22,
2016-09-23,
2016-09-26,
2016-09-27,
2016-09-28,
2016-09-29,
2016-09-30,
2016-10-03,
2016-10-04,
2016-10-05,
2016-10-06,
2016-10-07,
2016-10-10,
2016-10-13,
2016-10-14,
2016-10-17,
2016-10-18,
2016-10-19,
2016-10-20,
2016-10-21,
2016-10-24,
2016-10-25,
2016-10-26,
2016-10-27,
2016-10-28,
2016-11-01,
2016-11-02,
2016-11-03,
2016-11-04,
2016-11-07,
2016-11-08,
2016-11-09,
2016-11-10,
2016-11-11,
2016-11-15,
2016-11-16,
2016-11-17,
2016-11-18,
2016-11-21,
2016-11-22,
2016-11-23,
2016-11-24,
2016-11-25,
2016-11-28,
2016-11-29,
2016-11-30,
2016-12-01,
2016-12-02,
2016-12-05,
2016-12-06,
2016-12-07,
2016-12-08,
2016-12-09,
2016-12-12,
2016-12-13,
2016-12-14,
2016-12-15,
2016-12-16,
2016-12-19,
2016-12-20,
2016-12-21,
2016-12-22,
2016-12-23,
2016-12-26,
2016-12-27,
2016-12-28,
2016-12-29,
2016-12-30,
2017-01-02,
2017-01-03,
2017-01-04,
2017-01-05,
2017-01-06,
2017-01-09,
2017-01-10,
2017-01-11,
2017-01-12,
2017-01-13,
2017-01-16,
2017-01-17,
2017-01-18,
2017-01-19,
2017-01-20,
2017-01-23,
2017-01-24,
2017-01-25,
2017-01-27,
2017-01-30,
2017-01-31,
2017-02-01,
2017-02-02,
2017-02-03,
2017-02-06,
2017-02-07,
2017-02-08,
2017-02-09,
2017-02-10,
2017-02-13,
2017-02-14,
2017-02-15,
2017-02-16,
2017-02-17,
2017-02-20,
2017-02-21,
2017-02-22,
2017-02-23,
2017-02-27,
2017-02-28,
2017-03-01,
2017-03-02,
2017-03-03,
2017-03-06,
2017-03-07,
2017-03-08,
2017-03-09,
2017-03-10,
2017-03-14,
2017-03-15,
2017-03-16,
2017-03-17,
2017-03-20,
2017-03-21,
2017-03-22,
2017-03-23,
2017-03-24,
2017-03-27,
2017-03-28,
2017-03-29,
2017-03-30,
2017-03-31,
2017-04-03,
2017-04-05,
2017-04-06,
2017-04-07,
2017-04-10,
2017-04-11,
2017-04-12,
2017-04-13,
2017-04-17,
2017-04-18,
2017-04-19,
2017-04-20,
2017-04-21,
2017-04-24,
2017-04-25,
2017-04-26,
2017-04-27,
2017-04-28,
2017-05-02,
2017-05-03,
2017-05-04,
2017-05-05,
2017-05-08,
2017-05-09,
2017-05-10,
2017-05-11,
2017-05-12,
2017-05-15,
2017-05-16,
2017-05-17,
2017-05-18,
2017-05-19,
2017-05-22,
2017-05-23,
2017-05-24,
2017-05-25,
2017-05-26,
2017-05-29,
2017-05-30,
2017-05-31,
2017-06-01,
2017-06-02,
2017-06-05,
2017-06-06,
2017-06-07,
2017-06-08,
2017-06-09,
2017-06-12,
2017-06-13,
2017-06-14,
2017-06-15,
2017-06-16,
2017-06-19,
2017-06-20,
2017-06-21,
2017-06-22,
2017-06-23,
2017-06-27,
2017-06-28,
2017-06-29,
2017-06-30,
2017-07-03,
2017-07-04,
2017-07-05,
2017-07-06,
2017-07-07,
2017-07-10,
2017-07-11,
2017-07-12,
2017-07-13,
2017-07-14,
2017-07-17,
2017-07-18,
2017-07-19,
2017-07-20,
2017-07-21,
2017-07-24,
2017-07-25,
2017-07-26,
2017-07-27,
2017-07-28,
2017-07-31,
2017-08-01,
2017-08-02,
2017-08-03,
2017-08-04,
2017-08-07,
2017-08-08,
2017-08-09,
2017-08-10,
2017-08-11,
2017-08-14,
2017-08-16,
2017-08-17,
2017-08-18,
2017-08-21,
2017-08-22,
2017-08-23,
2017-08-24,
2017-08-28,
2017-08-29,
2017-08-30,
2017-08-31,
2017-09-01,
2017-09-04,
2017-09-05,
2017-09-06,
2017-09-07,
2017-09-08,
2017-09-11,
2017-09-12,
2017-09-13,
2017-09-14,
2017-09-15,
2017-09-18,
2017-09-19,
2017-09-20,
2017-09-21,
2017-09-22,
2017-09-25,
2017-09-26,
2017-09-27,
2017-09-28,
2017-09-29,
2017-10-03,
2017-10-04,
2017-10-05,
2017-10-06,
2017-10-09,
2017-10-10,
2017-10-11,
2017-10-12,
2017-10-13,
2017-10-16,
2017-10-17,
2017-10-18,
2017-10-19,
2017-10-23,
2017-10-24,
2017-10-25,
2017-10-26,
2017-10-27,
2017-10-30,
2017-10-31,
2017-11-01,
2017-11-02,
2017-11-03,
2017-11-06,
2017-11-07,
2017-11-08,
2017-11-09,
2017-11-10,
2017-11-13,
2017-11-14,
2017-11-15,
2017-11-16,
2017-11-17,
2017-11-20,
2017-11-21,
2017-11-22,
2017-11-23,
2017-11-24,
2017-11-27,
2017-11-28,
2017-11-29,
2017-11-30,
2017-12-01,
2017-12-04,
2017-12-05,
2017-12-06,
2017-12-07,
2017-12-08,
2017-12-11,
2017-12-12,
2017-12-13,
2017-12-14,
2017-12-15,
2017-12-18,
2017-12-19,
2017-12-20,
2017-12-21,
2017-12-22,
2017-12-26,
2017-12-27,
2017-12-28,
2017-12-29,
2018-01-01,
2018-01-02,
2018-01-03,
2018-01-04,
2018-01-05,
2018-01-08,
2018-01-09,
2018-01-10,
2018-01-11,
2018-01-12,
2018-01-15,
2018-01-16,
2018-01-17,
2018-01-18,
2018-01-19,
2018-01-22,
2018-01-23,
2018-01-24,
2018-01-25,
2018-01-29,
2018-01-30,
2018-01-31,
2018-02-01,
2018-02-02,
2018-02-05,
2018-02-06,
2018-02-07,
2018-02-08,
2018-02-09,
2018-02-12,
2018-02-14,
2018-02-15,
2018-02-16,
2018-02-19,
2018-02-20,
2018-02-21,
2018-02-22,
2018-02-23,
2018-02-26,
2018-02-27,
2018-02-28,
2018-03-01,
2018-03-05,
2018-03-06,
2018-03-07,
2018-03-08,
2018-03-09,
2018-03-12,
2018-03-13,
2018-03-14,
2018-03-15,
2018-03-16,
2018-03-19,
2018-03-20,
2018-03-21,
2018-03-22,
2018-03-23,
2018-03-26,
2018-03-27,
2018-03-28,
2018-04-02,
2018-04-03,
2018-04-04,
2018-04-05,
2018-04-06,
2018-04-09,
2018-04-10,
2018-04-11,
2018-04-12,
2018-04-13,
2018-04-16,
2018-04-17,
2018-04-18,
2018-04-19,
2018-04-20,
2018-04-23,
2018-04-24,
2018-04-25,
2018-04-26,
2018-04-27,
2018-04-30,
2018-05-02,
2018-05-03,
2018-05-04,
2018-05-07,
2018-05-08,
2018-05-09,
2018-05-10,
2018-05-11,
2018-05-14,
2018-05-15,
2018-05-16,
2018-05-17,
2018-05-18,
2018-05-21,
2018-05-22,
2018-05-23,
2018-05-24,
2018-05-25,
2018-05-28,
2018-05-29,
2018-05-30,
2018-05-31,
2018-06-01,
2018-06-04,
2018-06-05,
2018-06-06,
2018-06-07,
2018-06-08,
2018-06-11,
2018-06-12,
2018-06-13,
2018-06-14,
2018-06-15,
2018-06-18,
2018-06-19,
2018-06-20,
2018-06-21,
2018-06-22,
2018-06-25,
2018-06-26,
2018-06-27,
2018-06-28,
2018-06-29,
2018-07-02,
2018-07-03,
2018-07-04,
2018-07-05,
2018-07-06,
2018-07-09,
2018-07-10,
2018-07-11,
2018-07-12,
2018-07-13,
2018-07-16,
2018-07-17,
2018-07-18,
2018-07-19,
2018-07-20,
2018-07-23,
2018-07-24,
2018-07-25,
2018-07-26,
2018-07-27,
2018-07-30,
2018-07-31,
2018-08-01,
2018-08-02,
2018-08-03,
2018-08-06,
2018-08-07,
2018-08-08,
2018-08-09,
2018-08-10,
2018-08-13,
2018-08-14,
2018-08-16,
2018-08-17,
2018-08-20,
2018-08-21,
2018-08-23,
2018-08-24,
2018-08-27,
2018-08-28,
2018-08-29,
2018-08-30,
2018-08-31,
2018-09-03,
2018-09-04,
2018-09-05,
2018-09-06,
2018-09-07,
2018-09-10,
2018-09-11,
2018-09-12,
2018-09-14,
2018-09-17,
2018-09-18,
2018-09-19,
2018-09-21,
2018-09-24,
2018-09-25,
2018-09-26,
2018-09-27,
2018-09-28,
2018-10-01,
2018-10-03,
2018-10-04,
2018-10-05,
2018-10-08,
2018-10-09,
2018-10-10,
2018-10-11,
2018-10-12,
2018-10-15,
2018-10-16,
2018-10-17,
2018-10-19,
2018-10-22,
2018-10-23,
2018-10-24,
2018-10-25,
2018-10-26,
2018-10-29,
2018-10-30,
2018-10-31,
2018-11-01,
2018-11-02,
2018-11-05,
2018-11-06,
2018-11-07,
2018-11-09,
2018-11-12,
2018-11-13,
2018-11-14,
2018-11-15,
2018-11-16,
2018-11-19,
2018-11-20,
2018-11-21,
2018-11-22,
2018-11-26,
2018-11-27,
2018-11-28,
2018-11-29,
2018-11-30,
2018-12-03,
2018-12-04,
2018-12-05,
2018-12-06,
2018-12-07,
2018-12-10,
2018-12-11,
2018-12-12,
2018-12-13,
2018-12-14,
2018-12-17,
2018-12-18,
2018-12-19,
2018-12-20,
2018-12-21,
2018-12-24,
2018-12-26,
2018-12-27,
2018-12-28,
2018-12-31,
2019-01-01,
2019-01-02,
2019-01-03,
2019-01-04,
2019-01-07,
2019-01-08,
2019-01-09,
2019-01-10,
2019-01-11,
2019-01-14,
2019-01-15,
2019-01-16,
2019-01-17,
2019-01-18,
2019-01-21,
2019-01-22,
2019-01-23,
2019-01-24,
2019-01-25,
2019-01-28,
2019-01-29,
2019-01-30,
2019-01-31,
2019-02-01,
2019-02-04,
2019-02-05,
2019-02-06,
2019-02-07,
2019-02-08,
2019-02-11,
2019-02-12,
2019-02-14,
2019-02-15,
2019-02-18,
2019-02-19,
2019-02-20,
2019-02-21,
2019-02-22,
2019-02-25,
2019-02-26,
2019-02-27,
2019-02-28,
2019-03-01,
2019-03-05,
2019-03-06,
2019-03-07,
2019-03-08,
2019-03-11,
2019-03-12,
2019-03-13,
2019-03-14,
2019-03-15,
2019-03-18,
2019-03-19,
2019-03-20,
2019-03-22,
2019-03-25,
2019-03-26,
2019-03-27,
2019-03-28,
2019-04-01,
2019-04-02,
2019-04-03,
2019-04-04,
2019-04-05,
2019-04-08,
2019-04-09,
2019-04-10,
2019-04-11,
2019-04-12,
2019-04-15,
2019-04-16,
2019-04-18,
2019-04-22,
2019-04-23,
2019-04-24,
2019-04-25,
2019-04-26,
2019-04-30,
2019-05-02,
2019-05-03,
2019-05-06,
2019-05-07,
2019-05-08,
2019-05-09,
2019-05-10,
2019-05-13,
2019-05-14,
2019-05-15,
2019-05-16,
2019-05-17,
2019-05-20,
2019-05-21,
2019-05-22,
2019-05-23,
2019-05-24,
2019-05-27,
2019-05-28,
2019-05-29,
2019-05-30,
2019-05-31,
2019-06-03,
2019-06-04,
2019-06-06,
2019-06-07,
2019-06-10,
2019-06-11,
2019-06-12,
2019-06-13,
2019-06-14,
2019-06-17,
2019-06-18,
2019-06-19,
2019-06-20,
2019-06-21,
2019-06-24,
2019-06-25,
2019-06-26,
2019-06-27,
2019-06-28,
2019-07-01,
2019-07-02,
2019-07-03,
2019-07-04,
2019-07-05,
2019-07-08,
2019-07-09,
2019-07-10,
2019-07-11,
2019-07-12,
2019-07-15,
2019-07-16,
2019-07-17,
2019-07-18,
2019-07-19,
2019-07-22,
2019-07-23,
2019-07-24,
2019-07-25,
2019-07-26,
2019-07-29,
2019-07-30,
2019-07-31,
2019-08-01,
2019-08-02,
2019-08-05,
2019-08-06,
2019-08-07,
2019-08-08,
2019-08-09,
2019-08-13,
2019-08-14,
2019-08-16,
2019-08-19,
2019-08-20,
2019-08-21,
2019-08-22,
2019-08-23,
2019-08-26,
2019-08-27,
2019-08-28,
2019-08-29,
2019-08-30,
2019-09-03,
2019-09-04,
2019-09-05,
2019-09-06,
2019-09-09,
2019-09-11,
2019-09-12,
2019-09-13,
2019-09-16,
2019-09-17,
2019-09-18,
2019-09-19,
2019-09-20,
2019-09-23,
2019-09-24,
2019-09-25,
2019-09-26,
2019-09-27,
2019-09-30,
2019-10-01,
2019-10-03,
2019-10-04,
2019-10-07,
2019-10-09,
2019-10-10,
2019-10-11,
2019-10-14,
2019-10-15,
2019-10-16,
2019-10-17,
2019-10-18,
2019-10-22,
2019-10-23,
2019-10-24,
2019-10-25,
2019-10-27,
2019-10-29,
2019-10-30,
2019-10-31,
2019-11-01,
2019-11-04,
2019-11-05,
2019-11-06,
2019-11-07,
2019-11-08,
2019-11-11,
2019-11-13,
2019-11-14,
2019-11-15,
2019-11-18,
2019-11-19,
2019-11-20,
2019-11-21,
2019-11-22,
2019-11-25,
2019-11-26,
2019-11-27,
2019-11-28,
2019-11-29,
2019-12-02,
2019-12-03,
2019-12-04,
2019-12-05,
2019-12-06,
2019-12-09,
2019-12-10,
2019-12-11,
2019-12-12,
2019-12-13,
2019-12-16,
2019-12-17,
2019-12-18,
2019-12-19,
2019-12-20,
2019-12-23,
2019-12-24,
2019-12-26,
2019-12-27,
2019-12-30,
2019-12-31,
2020-01-01,
2020-01-02,
2020-01-03,
2020-01-06,
2020-01-07,
2020-01-08,
2020-01-09,
2020-01-10,
2020-01-13,
2020-01-14,
2020-01-15,
2020-01-16,
2020-01-17,
2020-01-20,
2020-01-21,
2020-01-22,
2020-01-23,
2020-01-24,
2020-01-27,
2020-01-28,
2020-01-29,
2020-01-30,
2020-01-31,
2020-02-03,
2020-02-04,
2020-02-05,
2020-02-06,
2020-02-07,
2020-02-10,
2020-02-11,
2020-02-12,
2020-02-13,
2020-02-14,
2020-02-17,
2020-02-18,
2020-02-19,
2020-02-20,
2020-02-24,
2020-02-25,
2020-02-26,
2020-02-27,
2020-02-28,
2020-03-02,
2020-03-03,
2020-03-04,
2020-03-05,
2020-03-06,
2020-03-09,
2020-03-11,
2020-03-12,
2020-03-13,
2020-03-16,
2020-03-17,
2020-03-18,
2020-03-19,
2020-03-20,
2020-03-23,
2020-03-24,
2020-03-25,
2020-03-26,
2020-03-27,
2020-03-30,
2020-03-31,
2020-04-01,
2020-04-03,
2020-04-07,
2020-04-08,
2020-04-09,
2020-04-13,
2020-04-15,
2020-04-16,
2020-04-17,
2020-04-20,
2020-04-21,
2020-04-22,
2020-04-23,
2020-04-24,
2020-04-27,
2020-04-28,
2020-04-29,
2020-04-30,
2020-05-04,
2020-05-05,
2020-05-06,
2020-05-07,
2020-05-08,
2020-05-11,
2020-05-12,
2020-05-13,
2020-05-14,
2020-05-15,
2020-05-18,
2020-05-19,
2020-05-20,
2020-05-21,
2020-05-22,
2020-05-26,
2020-05-27,
2020-05-28,
2020-05-29,
2020-06-01,
2020-06-02,
2020-06-03,
2020-06-04,
2020-06-05,
2020-06-08,
2020-06-09,
2020-06-10,
2020-06-11,
2020-06-12,
2020-06-15,
2020-06-16,
2020-06-17,
2020-06-18,
2020-06-19,
2020-06-22,
2020-06-23,
2020-06-24,
2020-06-25,
2020-06-26,
2020-06-29,
2020-06-30,
2020-07-01,
2020-07-02,
2020-07-03,
2020-07-06,
2020-07-07,
2020-07-08,
2020-07-09,
2020-07-10,
2020-07-13,
2020-07-14,
2020-07-15,
2020-07-16,
2020-07-17,
2020-07-20,
2020-07-21,
2020-07-22,
2020-07-23,
2020-07-24,
2020-07-27,
2020-07-28,
2020-07-29,
2020-07-30,
2020-07-31,
2020-08-03,
2020-08-04,
2020-08-05,
2020-08-06,
2020-08-07,
2020-08-10,
2020-08-11,
2020-08-12,
2020-08-13,
2020-08-14,
2020-08-17,
2020-08-18,
2020-08-19,
2020-08-20,
2020-08-21,
2020-08-24,
2020-08-25,
2020-08-26,
2020-08-27,
2020-08-28,
2020-08-31,
2020-09-01,
2020-09-02,
2020-09-03,
2020-09-04,
2020-09-07,
2020-09-08,
2020-09-09,
2020-09-10,
2020-09-11,
2020-09-14,
2020-09-15,
2020-09-16,
2020-09-17,
2020-09-18,
2020-09-21,
2020-09-22,
2020-09-23,
2020-09-24,
2020-09-25,
2020-09-28,
2020-09-29,
2020-09-30,
2020-10-01,
2020-10-05,
2020-10-06,
2020-10-07,
2020-10-08,
2020-10-09,
2020-10-12,
2020-10-13,
2020-10-14,
2020-10-15,
2020-10-16,
2020-10-19,
2020-10-20,
2020-10-21,
2020-10-22,
2020-10-23,
2020-10-26,
2020-10-27,
2020-10-28,
2020-10-29,
2020-10-30,
2020-11-02,
2020-11-03,
2020-11-04,
2020-11-05,
2020-11-06,
2020-11-09,
2020-11-10,
2020-11-11,
2020-11-12,
2020-11-13,
2020-11-14,
2020-11-17,
2020-11-18,
2020-11-19,
2020-11-20,
2020-11-23,
2020-11-24,
2020-11-25,
2020-11-26,
2020-11-27,
2020-12-01,
2020-12-02,
2020-12-03,
2020-12-04,
2020-12-07,
2020-12-08,
2020-12-09,
2020-12-10,
2020-12-11,
2020-12-14,
2020-12-15,
2020-12-16,
2020-12-17,
2020-12-18,
2020-12-21,
2020-12-22,
2020-12-23,
2020-12-24,
2020-12-28,
2020-12-29,
2020-12-30,
2020-12-31,
2021-01-01,
2021-01-04,
2021-01-05,
2021-01-06,
2021-01-07,
2021-01-08,
2021-01-11,
2021-01-12,
2021-01-13,
2021-01-14,
2021-01-15,
2021-01-18,
2021-01-19,
2021-01-20,
2021-01-21,
2021-01-22,
2021-01-25,
2021-01-27,
2021-01-28,
2021-01-29,
2021-02-01,
2021-02-02,
2021-02-03,
2021-02-04,
2021-02-05,
2021-02-08,
2021-02-09,
2021-02-10,
2021-02-11,
2021-02-12,
2021-02-15,
2021-02-16,
2021-02-17,
2021-02-18,
2021-02-19,
2021-02-22,
2021-02-23,
2021-02-24,
2021-02-25,
2021-02-26,
2021-03-01,
2021-03-02,
2021-03-03,
2021-03-04,
2021-03-05,
2021-03-08,
2021-03-09,
2021-03-10,
2021-03-12,
2021-03-15,
2021-03-16,
2021-03-17,
2021-03-18,
2021-03-19,
2021-03-22,
2021-03-23,
2021-03-24,
2021-03-25,
2021-03-26,
2021-03-30,
2021-03-31,
2021-04-01,
2021-04-05,
2021-04-06,
2021-04-07,
2021-04-08,
2021-04-09,
2021-04-12,
2021-04-13,
2021-04-15,
2021-04-16,
2021-04-19,
2021-04-20,
2021-04-22,
2021-04-23,
2021-04-26,
2021-04-27,
2021-04-28,
2021-04-29,
2021-04-30,
2021-05-03,
2021-05-04,
2021-05-05,
2021-05-06,
2021-05-07,
2021-05-10,
2021-05-11,
2021-05-12,
2021-05-14,
2021-05-17,
2021-05-18,
2021-05-19,
2021-05-20,
2021-05-21,
2021-05-24,
2021-05-25,
2021-05-26,
2021-05-27,
2021-05-28,
2021-05-31,
2021-06-01,
2021-06-02,
2021-06-03,
2021-06-04,
2021-06-07,
2021-06-08,
2021-06-09,
2021-06-10,
2021-06-11,
2021-06-14,
2021-06-15,
2021-06-16,
2021-06-17,
2021-06-18,
2021-06-21,
2021-06-22,
2021-06-23,
2021-06-24,
2021-06-25,
2021-06-28,
2021-06-29,
2021-06-30,
2021-07-01,
2021-07-02,
2021-07-05,
2021-07-06,
2021-07-07,
2021-07-08,
2021-07-09,
2021-07-12,
2021-07-13,
2021-07-14,
2021-07-15,
2021-07-16,
2021-07-19,
2021-07-20,
2021-07-22,
2021-07-23,
2021-07-26,
2021-07-27,
2021-07-28,
2021-07-29,
2021-07-30,
2021-08-02,
2021-08-03,
2021-08-04,
2021-08-05,
2021-08-06,
2021-08-09,
2021-08-10,
2021-08-11,
2021-08-12,
2021-08-13,
2021-08-16,
2021-08-17,
2021-08-18,
2021-08-20,
2021-08-23,
2021-08-24,
2021-08-25,
2021-08-26,
2021-08-27,
2021-08-30,
2021-08-31,
2021-09-01,
2021-09-02,
2021-09-03,
2021-09-06,
2021-09-07,
2021-09-08,
2021-09-09,
2021-09-13,
2021-09-14,
2021-09-15,
2021-09-16,
2021-09-17,
2021-09-20,
2021-09-21,
2021-09-22,
2021-09-23,
2021-09-24,
2021-09-27,
2021-09-28,
2021-09-29,
2021-09-30,
2021-10-01,
2021-10-04,
2021-10-05,
2021-10-06,
2021-10-07,
2021-10-08,
2021-10-11,
2021-10-12,
2021-10-13,
2021-10-14,
2021-10-18,
2021-10-19,
2021-10-20,
2021-10-21,
2021-10-22,
2021-10-25,
2021-10-26,
2021-10-27,
2021-10-28,
2021-10-29,
2021-11-01,
2021-11-02,
2021-11-03,
2021-11-04,
2021-11-08,
2021-11-09,
2021-11-10,
2021-11-11,
2021-11-12,
2021-11-15,
2021-11-16,
2021-11-17,
2021-11-18,
2021-11-22,
2021-11-23,
2021-11-24,
2021-11-25,
2021-11-26,
2021-11-29,
2021-11-30,
2021-12-01,
2021-12-02,
2021-12-03,
2021-12-06,
2021-12-07,
2021-12-08,
2021-12-09,
2021-12-10,
2021-12-13,
2021-12-14,
2021-12-15,
2021-12-16,
2021-12-17,
2021-12-20,
2021-12-21,
2021-12-22,
2021-12-23,
2021-12-24,
2021-12-27,
2021-12-28,
2021-12-29,
2021-12-30,
2021-12-31,
2022-01-03,0.41576424175233456
2022-01-04,0.4346941893680751
2022-01-05,0.49245594224390016
2022-01-06,0.44691242070286136
2022-01-07,0.3259168526027859
2022-01-10,0.36456896225014485
2022-01-11,0.33212734983596776
2022-01-12,0.32467898048937954
2022-01-13,0.39815598528869856
2022-01-14,0.37044098826974886
2022-01-17,0.40921704313441837
2022-01-18,0.37775300887663343
2022-01-19,0.3476717688245683
2022-01-20,0.3798441006987408
2022-01-21,0.2925177897273788
2022-01-24,0.3150645352364232
2022-01-25,0.2923916318253241
2022-01-27,0.23822632458589119
2022-01-28,0.22746009616610116
2022-01-31,0.21120037484036883
2022-02-01,0.24683566571219875
2022-02-02,0.23052434936456204
2022-02-03,0.21837366063432306
2022-02-04,0.18459585234906886
2022-02-07,0.20271767347512432
2022-02-08,0.2493835267670875
2022-02-09,0.19298714491432595
2022-02-10,0.20869141432253238
2022-02-11,0.22290545540887924
2022-02-14,0.21675896407040948
2022-02-15,0.2109585010372107
2022-02-16,0.1879917506006083
2022-02-17,0.18255616356750898
2022-02-18,0.20036530876782285
2022-02-21,0.24683955462255247
2022-02-22,0.17192085913453778
2022-02-23,0.15834453778580274
2022-02-24,0.09829748286355
2022-02-25,0.11609060056840843
2022-02-28,0.0988230927157852
2022-03-02,0.0823636826119546
2022-03-03,0.08045153624215837
2022-03-04,0.09218083687508995
2022-03-07,0.04889897463713507
2022-03-08,0.06452847065850675
2022-03-09,0.0566942105342728
2022-03-10,0.08322524624516665
2022-03-11,0.09667231645850793
2022-03-14,0.071497289733946
2022-03-15,0.10295956620010768
2022-03-16,0.09811282918392339
2022-03-17,0.13892991952993974
2022-03-21,0.10276023994758003
2022-03-22,0.09003273058372699
2022-03-23,0.08665405023703998
2022-03-24,0.07441159012630479
2022-03-25,0.07149124920603347
2022-03-28,0.05468707330209468
2022-03-29,0.05017434469872876
2022-03-30,0.08312792166208734
2022-03-31,0.1566497454282479
2022-04-01,0.1619958101663179
2022-04-04,0.12583984858693983
2022-04-05,0.12903775728696404
2022-04-06,0.21432970844277682
2022-04-07,0.2513244329822587
2022-04-08,0.25849782574215985
2022-04-11,0.24945408595854943
2022-04-12,0.36779554733313574
2022-04-13,0.3741284082793048
2022-04-18,0.425754500208672
2022-04-19,0.42624239847946616
2022-04-20,0.3658393940571802
2022-04-21,0.4034161360542589
2022-04-22,0.5037520724469415
2022-04-25,0.5131334467019818
2022-04-26,0.553860154469865
2022-04-27,0.5736194640875567
2022-04-28,0.6266637987633031
2022-04-29,0.6576734381599133
2022-05-02,0.6329646430721646
2022-05-04,0.6145784415597845
2022-05-05,0.6023790781888236
2022-05-06,0.5683172772078504
2022-05-09,0.6276639712784162
2022-05-10,0.6720277759509695
2022-05-11,0.6874593599384928
2022-05-12,0.7012438313093903
2022-05-13,0.7012674414077986
2022-05-16,0.683386975335261
2022-05-17,0.6757671608184874
2022-05-18,0.7003930451245498
2022-05-19,0.7044625748373173
2022-05-20,0.7043141579105213
2022-05-23,0.6710853920788918
2022-05-24,0.7524957462321202
2022-05-25,0.7408480269844453
2022-05-26,0.7744299228587208
2022-05-27,0.7600613009125646
2022-05-30,0.6550290433074678
2022-05-31,0.643492997967843
2022-06-01,0.7129072708128047
2022-06-02,0.7116319342001711
2022-06-03,0.7070850847750697
2022-06-06,0.6859923652802786
2022-06-07,0.6716743777108233
2022-06-08,0.6717787282846686
2022-06-09,0.7127150459330389
2022-06-10,0.6938358427034468
2022-06-13,0.6747016849651235
2022-06-14,0.6501660573386672
2022-06-15,0.6468558127180127
2022-06-16,0.6267341962724808
2022-06-17,0.6235871796906801
2022-06-20,0.6492352354753318
2022-06-21,0.6835200247336244
2022-06-22,0.6831878974192103
2022-06-23,0.6794209456836339
2022-06-24,0.6840367873886419
2022-06-27,0.6751924414084751
2022-06-28,0.6749138099061315
2022-06-29,0.6820324174428066
2022-06-30,0.6791298264374
2022-07-01,0.675437108024523
2022-07-04,0.6795728815320318
2022-07-05,0.6657518894571485
2022-07-06,0.656958184658273
2022-07-07,0.6609160763562995
2022-07-08,0.6592901033587142
2022-07-11,0.6257667776953498
2022-07-12,0.6192607194008299
2022-07-13,0.6255978570162445
2022-07-14,0.6122862119163864
2022-07-15,0.6227044870137878
2022-07-18,0.6610868160423018
2022-07-19,0.6639161046611115
2022-07-20,0.6578580568979211
2022-07-21,0.6622231946356043
2022-07-22,0.6460217041063739
2022-07-25,0.6223379375256999
2022-07-26,0.6283252961119341
2022-07-27,0.6317823663503254
2022-07-28,0.6037459092089543
2022-07-29,0.5983937665210292
2022-08-01,0.6135129250206581
2022-08-02,0.6126288386151556
2022-08-03,0.5983250899139636
2022-08-04,0.6284757282593807
2022-08-05,0.6249284059859207
2022-08-08,0.6315655123906552
2022-08-10,0.6524926499696722
2022-08-11,0.6622421461778413
2022-08-12,0.6344680340406966
2022-08-16,0.643997600024796
2022-08-17,0.644137306722275
2022-08-18,0.6268652010105069
2022-08-19,0.6260461063510763
2022-08-22,0.6587708203259371
2022-08-23,0.6769012037061553
2022-08-24,0.6593385659345818
2022-08-25,0.6448229239829125
2022-08-26,0.6297465919298568
2022-08-29,0.6074155573731649
2022-08-30,0.6253455431012335
2022-09-01,0.6113790138296858
2022-09-02,0.6017490859355396
2022-09-05,0.6054030045244313
2022-09-06,0.6011360995585445
2022-09-07,0.6165896081962156
2022-09-08,0.6253261024209025
2022-09-09,0.639409123618308
2022-09-12,0.6173529950513585
2022-09-13,0.6216190349201591
2022-09-14,0.6090524327234721
2022-09-15,0.6129217646812993
2022-09-16,0.5979523422077145
2022-09-19,0.6162315865747852
2022-09-20,0.6078957380575183
2022-09-21,0.5981328247920542
2022-09-22,0.6196922620743557
2022-09-23,0.6074639074567939
2022-09-26,0.5990836712433287
2022-09-27,0.6142422153538051
2022-09-28,0.6180059599246555
2022-09-29,0.6152543696038556
2022-09-30,0.6614924068052388
2022-10-03,0.6653809136496068
2022-10-04,0.6530412785402143
2022-10-06,0.6689065371316533
2022-10-07,0.662987547997814
2022-10-10,0.6365790275686181
2022-10-11,0.644014834473792
2022-10-12,0.640341789059346
2022-10-13,0.6235920052682735
2022-10-14,0.6157500758792154
2022-10-17,0.6121303838647103
2022-10-18,0.6149029849010071
2022-10-19,0.6037472894641053
2022-10-20,0.5964806536880092
2022-10-21,0.6029273561061588
2022-10-24,0.610525582873218
2022-10-25,0.6089577630691468
2022-10-27,0.609888594185147
2022-10-28,0.6061420837973431
2022-10-31,0.6016629992603383
2022-11-01,0.5876290835050593
2022-11-02,0.560887055312032
2022-11-03,0.603803252860253
2022-11-04,0.5891245412339523
2022-11-07,0.5935409699952297
2022-11-09,0.585993671673128
2022-11-10,0.6041307816913752
2022-11-11,0.6315678451655563
2022-11-14,0.5330905058276424
2022-11-15,0.5487019779784812
2022-11-16,0.5907478177292359
2022-11-17,0.6030838899310073
2022-11-18,0.5956523574031007
2022-11-21,0.56655704746376
2022-11-22,0.5777686767871955
2022-11-23,0.568813252732767
2022-11-24,0.5479780011726083
2022-11-25,0.5482969050580472
2022-11-28,0.5730269820786278
2022-11-29,0.5770906192918639
2022-11-30,0.526530138804234
2022-12-01,0.5150170451813776
2022-12-02,0.5472926842598911
2022-12-05,0.5320595815186361
2022-12-06,0.5295584946504902
2022-12-07,0.5036137709298715
2022-12-08,0.475751572359921
2022-12-09,0.5043063133246173
2022-12-12,0.5187608787057184
2022-12-13,0.5277155214423833
2022-12-14,0.5036023769066513
2022-12-15,0.492550771979182
2022-12-16,0.5170153549193294
2022-12-19,0.5254510862538383
2022-12-20,0.5247851110755073
2022-12-21,0.48695182993976177
2022-12-22,0.4653719369140521
2022-12-23,0.4962890034304615
2022-12-26,0.4836338622770201
2022-12-27,0.4622349703893736
2022-12-28,0.45166329621718937
2022-12-29,0.4511243914434504
2022-12-30,0.4598422529759673
2023-01-02,0.5000051279541857
2023-01-03,0.5240893875185184
2023-01-04,0.5350127219643743
2023-01-05,0.5463498523097523
2023-01-06,0.5426576252766047
2023-01-09,0.5628506603138793
2023-01-10,0.5684959723425083
2023-01-11,0.5273832883505446
2023-01-12,0.5507410221566579
2023-01-13,0.575173355626862
2023-01-16,0.5902634068968935
2023-01-17,0.5534388470470998
2023-01-18,0.514430374062592
2023-01-19,0.5533407294204244
2023-01-20,0.5798228781314505
2023-01-23,0.5738835658876454
2023-01-24,0.5771606984307784
2023-01-25,0.55956453771608
2023-01-27,0.5791310401124284
2023-01-30,0.5984438023201322
2023-01-31,0.5717380456962539
2023-02-01,0.5720048342666783
2023-02-02,0.5791292583272819
2023-02-03,0.5867922498704949
2023-02-06,0.5863967477442723
2023-02-07,0.6039385782401663
2023-02-08,0.6280456728241076
2023-02-09,0.6272478617082843
2023-02-10,0.6423983099234172
2023-02-13,0.6362939932145633
2023-02-14,0.6312461367645537
2023-02-15,0.6115586933481368
2023-02-16,0.5883812557879425
2023-02-17,0.5861233119069235
2023-02-20,0.6013025680844455
2023-02-21,0.5834954657812721
2023-02-22,0.5996075915942868
2023-02-23,0.6131447861210256
2023-02-24,0.6111858445908623
2023-02-27,0.6239889239859262
2023-02-28,0.6336578974761583
2023-03-01,0.6313777997884046
2023-03-02,0.6272892879464161
2023-03-03,0.6434739016341813
2023-03-06,0.6246909730794107
2023-03-08,0.6188564232728515
2023-03-09,0.6029215992733963
2023-03-10,0.5970311006351167
2023-03-13,0.6027820039274342
2023-03-14,0.5970830615584389
2023-03-15,0.6087198175431197
2023-03-16,0.6120025283397622
2023-03-17,0.6229133398034048
2023-03-20,0.6169647147282679
2023-03-21,0.6136012678114302
2023-03-22,0.6251399665687049
2023-03-23,0.6421654578513118
2023-03-24,0.6344245725681399
2023-03-27,0.6354038954568184
2023-03-28,0.6313007737897952
2023-03-29,0.6229938972730114
2023-03-31,0.6119294898337512
2023-04-03,0.6084781181334724
2023-04-05,0.6037795018816084
2023-04-06,0.5999408640082844
2023-04-10,0.5969258253816451
2023-04-11,0.5885021003998778
2023-04-12,0.5907418159495295
2023-04-13,0.5943571666212455
2023-04-17,0.59006230867657
2023-04-18,0.5884665216927802
2023-04-19,0.5931311235252001
2023-04-20,0.5891752746973572
2023-04-21,0.5782331804098165
2023-04-24,0.5611059649114383
2023-04-25,0.558073741841684
2023-04-26,0.5549120852009012
2023-04-27,0.5617120448760055
2023-04-28,0.5607561353803013
2023-05-02,0.5486021448765451
2023-05-03,0.5505480017056442
2023-05-04,0.5562642825095693
2023-05-05,0.5482951701023252
2023-05-08,0.5279795472148889
2023-05-09,0.5423728712802959
2023-05-10,0.5464173654528074
2023-05-11,0.5461027015111644
2023-05-12,0.5627672384574148
2023-05-15,0.5551331125232146
2023-05-16,0.5638509188547124
2023-05-17,0.5678638121985513
2023-05-18,0.5918077557031927
2023-05-19,0.6084329844054375
2023-05-22,0.601911933642623
2023-05-23,0.5942397418324333
2023-05-24,0.5899053519120898
2023-05-25,0.5841936849837128
2023-05-26,0.5787125264508488
2023-05-29,0.5777991586456459
2023-05-30,0.5753924931424805
2023-05-31,0.5768358829557619
2023-06-01,0.5783172068296331
2023-06-02,0.5707743248540011
2023-06-05,0.5753893345680732
2023-06-06,0.5811055363628193
2023-06-07,0.5839715456217508
2023-06-08,0.5827268758567278
2023-06-09,0.5706235088640315
2023-06-12,0.5838230090856403
2023-06-13,0.5871751864206936
2023-06-14,0.5900766450679447
2023-06-15,0.5982425680968164
2023-06-16,0.5869034762834637
2023-06-19,0.5866861196202031
2023-06-20,0.5891917049984206
2023-06-21,0.6001742968831549
2023-06-22,0.6057930665715267
2023-06-23,0.601236803575744
2023-06-26,0.6037514640271829
2023-06-27,0.5991850876709842
2023-06-28,0.6111322627432413
2023-06-30,0.617940361514598
2023-07-03,0.627784326297209
2023-07-04,0.6173659101275619
2023-07-05,0.6174128086404763
2023-07-06,0.6215761983838164
2023-07-07,0.6240060106797403
2023-07-10,0.6212923831491206
2023-07-11,0.6182694179110427
2023-07-12,0.6305754582560189
2023-07-13,0.6210700406373457
2023-07-14,0.6244524132484199
2023-07-17,0.6407069294149176
2023-07-18,0.6457484802425407
2023-07-19,0.6389854677919891
2023-07-20,0.6225256675075768
2023-07-21,0.6145187290863604
2023-07-24,0.6208242003495729
2023-07-25,0.6166302255422939
2023-07-26,0.6256037641585163
2023-07-27,0.6239987082747882
2023-07-28,0.6329380643261173
2023-07-31,0.6280028279689741
2023-08-01,0.6243482073408659
2023-08-02,0.6308893555898589
2023-08-03,0.6274981742027015
2023-08-04,0.6325662401122246
2023-08-07,0.6311738737124425
2023-08-08,0.63056798481307
2023-08-09,0.6225770452105213
2023-08-10,0.6198664107558084
2023-08-11,0.61448748139399
2023-08-14,0.6015267612346803
2023-08-16,0.6150865624091038
2023-08-17,0.6034063806261037
2023-08-18,0.5979583972002401
2023-08-21,0.6176199671791665
2023-08-22,0.6169889655757457
2023-08-23,0.612428410373767
2023-08-24,0.6078012960463577
2023-08-25,0.620047726738432
2023-08-28,0.6058103412362352
2023-08-29,0.6116903894998986
2023-08-30,0.5963721871394346
2023-08-31,0.6040047966319242
2023-09-01,0.6034582591333635
2023-09-04,0.6134116039033114
2023-09-05,0.6098665736843027
2023-09-06,0.6272139189098769
2023-09-07,0.6249830495209361
2023-09-08,0.632619668420787
2023-09-11,0.6423776145629034
2023-09-12,0.6430915467563602
2023-09-13,0.6428471321210033
2023-09-14,0.6534070780601453
2023-09-15,0.6465525838256921
2023-09-18,0.6407101174390938
2023-09-20,0.6398991593622787
2023-09-21,0.6337551993337572
2023-09-22,0.6235322202579526
2023-09-25,0.6234118473403347
2023-09-26,0.6368457541293181
2023-09-27,0.6356277859770781
2023-09-28,0.6277054880924846
2023-09-29,0.6307430245201182
2023-10-03,0.6558495208521823
2023-10-04,0.6701685752462965
2023-10-05,0.6542193208351558
2023-10-06,0.6581258942327244
2023-10-09,0.6298934424534599
2023-10-10,0.6510310197859333
2023-10-11,0.6472004681753838
2023-10-12,0.6480647291579434
2023-10-13,0.6479032454934867
2023-10-16,0.6320366425878624
2023-10-17,0.6220274327263903
2023-10-18,0.6131314017391419
2023-10-19,0.6172480457633419
2023-10-20,0.6190686903590741
2023-10-23,0.6252890775764736
2023-10-25,0.6254103520742449
2023-10-26,0.6211758929518851
2023-10-27,0.6209023290474303
2023-10-30,0.6150869606820614
2023-10-31,0.6213303873483591
2023-11-01,0.6276342353748007
2023-11-02,0.6395523182199779
2023-11-03,0.6437473844787013
2023-11-06,0.6350740593764045
2023-11-07,0.6254538917432907
2023-11-08,0.6036684537405659
2023-11-09,0.5901034196954159
2023-11-10,0.5811139315340288
2023-11-13,0.5856326717939714
2023-11-15,0.5832982730403089
2023-11-16,0.5702844726602871
2023-11-17,0.576214291643415
2023-11-20,0.5931064649978917
2023-11-21,0.5871351993375576
2023-11-22,0.5695041607367504
2023-11-23,0.5781549322662031
2023-11-24,0.5973337266879953
2023-11-28,0.5999651291646352
2023-11-29,0.5938145254045086
2023-11-30,0.6015171877835399
2023-12-01,0.5967579477299694
2023-12-04,0.5811537674662494
2023-12-05,0.5699879005728246
2023-12-06,0.5718201393505281
2023-12-07,0.5743286483203434
2023-12-08,0.5885781135039071
2023-12-11,0.59519291099691
2023-12-12,0.5973716918986685
2023-12-13,0.5945859325032272
2023-12-14,0.5888241433021912
2023-12-15,0.5836842471960348
2023-12-18,0.5609937108802258
2023-12-19,0.5437854367542745
2023-12-20,0.5179895164739768
2023-12-21,0.4897532831954038
2023-12-22,0.4781893775848933
2023-12-26,0.4484136091830334
2023-12-27,0.3705224023494582
2023-12-28,0.34840994038384704
2023-12-29,0.3649476910404789
2024-01-01,0.3813199448793191
2024-01-02,0.3434059995799524
2024-01-03,0.34095595682311824
2024-01-04,0.3261221096712104
2024-01-05,0.33823400022657235
2024-01-08,0.35861685271279287
2024-01-09,0.37807076890373137
2024-01-10,0.384509933349216
2024-01-11,0.40587943281737354
2024-01-12,0.39385131762177517
2024-01-15,0.4226465513961285
2024-01-16,0.45947334874701534
2024-01-17,0.4410818055880879
2024-01-18,0.4632626356756567
2024-01-19,0.5013029040932009
2024-01-23,0.5203137580625781
2024-01-24,0.507977036110772
2024-01-25,0.46609023014280065
2024-01-29,0.49263288451365744
2024-01-30,0.5020701991338749
2024-01-31,0.474885033402624
2024-02-01,0.48230174270971177
2024-02-02,0.4800160924325146
2024-02-05,0.5514500378096229
2024-02-06,0.5648192810743484
2024-02-07,0.5579419255738937
2024-02-08,0.5096441584522748
2024-02-09,0.5277650576907372
2024-02-12,0.5220183921594787
2024-02-13,0.5549995367156082
2024-02-14,0.4883233986462679
2024-02-15,0.49781643775911705
2024-02-16,0.48646058150459115
2024-02-19,0.4620131435260011
2024-02-20,0.62651652697085
2024-02-21,0.5955107408389971
2024-02-22,0.5953667908039123
2024-02-23,0.5950529971212272
2024-02-26,0.5900081591902434
2024-02-27,0.5794611236531918
2024-02-28,0.6431604330308203
2024-02-29,0.6362330935903788
2024-03-01,0.5457090994219604
2024-03-04,0.5136034441586189
2024-03-05,0.5311146125813329
2024-03-06,0.5461474266574481
2024-03-07,0.49444266961764777
2024-03-11,0.5914871605211616
2024-03-12,0.5989896211524782
2024-03-13,0.6529053884453897
2024-03-14,0.7265453934550067
2024-03-15,0.7806837238057288
2024-03-18,0.6370260321825872
2024-03-19,0.6610101406407685
2024-03-20,0.6669106799493614
2024-03-21,0.5971863943177008
2024-03-22,0.5857540306811179
2024-03-26,0.6853963231101416
2024-03-27,0.66475289868928
2024-03-28,0.61279434600931
2024-04-01,0.5369962488290808
2024-04-02,0.513271616229083
2024-04-03,0.5428999166629314
2024-04-04,0.5575495432935347
2024-04-05,0.5492821206237654
2024-04-08,0.5913275644444657
2024-04-09,0.6350200121162908
2024-04-10,0.6837057699239196
2024-04-12,0.6839998701192588
2024-04-15,0.7739601234957063
2024-04-16,0.7767919725618452
2024-04-18,0.7752616944054558
2024-04-19,0.7262210299475483
2024-04-22,0.7378033172793064
2024-04-23,0.6816237897575926
2024-04-24,0.7036385290002708
2024-04-25,0.7011876577922782
2024-04-26,0.7373312392982422
2024-04-29,0.712373452018495
2024-04-30,0.7279115457887347
2024-05-02,0.6784782951873579
2024-05-03,0.7026830920929678
2024-05-06,0.6455964241969312
2024-05-07,0.641769938962985
2024-05-08,0.6519927096474404
2024-05-09,0.6783370591380784
2024-05-10,0.6732630923341995
2024-05-13,0.6967852472693219
2024-05-14,0.7238859671188845
2024-05-15,0.7229219849099519
2024-05-16,0.7125972716259631
2024-05-17,0.6930296264215055
2024-05-21,0.7103790311088326
2024-05-22,0.6849293125408767
2024-05-23,0.6374748804848925
2024-05-24,0.644829573657599
2024-05-27,0.6532946444858503
2024-05-28,0.6449730775701754
2024-05-29,0.7093110552318936
2024-05-30,0.6294589193114233
2024-05-31,0.7666477986302794
2024-06-03,0.778713888576887
2024-06-04,0.815082942335536
2024-06-05,0.7470447322197353
2024-06-06,0.6492325812097001
2024-06-07,0.595921580763389
2024-06-10,0.5955072930618193
2024-06-11,0.5294402984376122
2024-06-12,0.5054682784771237
2024-06-13,0.590001209882922
2024-06-14,0.6378311883763238
2024-06-18,0.6680117480016642
2024-06-19,0.6326613439136556
2024-06-20,0.659552622997183
2024-06-21,0.6599025997747164
2024-06-24,0.690257795563176
2024-06-25,0.7156410245396642
2024-06-26,0.7391272831580704
2024-06-27,0.7411678643852803
2024-06-28,0.7591263051468984
2024-07-01,0.7328113678746727
2024-07-02,0.724013807049659
2024-07-03,0.6871701523216259
2024-07-04,0.6824673915102512
2024-07-05,0.7027142634624722
2024-07-08,0.7320345771884835
2024-07-09,0.7550668523265746
2024-07-10,0.7748356510685666
2024-07-11,0.767473944855958
2024-07-12,0.7340110904454088
2024-07-15,0.6974861899221318
2024-07-16,0.717615962204749
2024-07-18,0.7216842217035998
2024-07-19,0.6824270226787316
2024-07-22,0.690829128945098
2024-07-23,0.659056711423487
2024-07-24,0.6819190152575806
2024-07-25,0.6910733985895312
2024-07-26,0.6743549373623681
2024-07-29,0.6655944344117329
2024-07-30,0.6647922796259744
2024-07-31,0.6826022665249537
2024-08-01,0.696818350748993
2024-08-02,0.6864201138020918
2024-08-05,0.6882692283412848
2024-08-06,0.688774926581732
2024-08-07,0.677859749841394
2024-08-08,0.6606006170338646
2024-08-09,0.680535744119481
2024-08-12,0.6885477174610042
2024-08-13,0.6734453935309432
2024-08-14,0.6133323732999703
2024-08-16,0.6106576155371077
2024-08-19,0.5559620026269844
2024-08-20,0.46202485378432095
2024-08-21,0.33906094775640516
2024-08-22,0.3725975634310022
2024-08-23,0.37976972714488766
2024-08-26,0.25471179758147017
2024-08-27,0.25182548698268714
2024-08-28,0.19821268914168833
2024-08-29,0.21683933664942928
2024-08-30,0.21111339438611373
2024-09-02,0.26222979298905946
2024-09-03,0.28422914162924656
2024-09-04,0.31738595447987894
2024-09-05,0.31481725604568794
2024-09-06,0.3139700324772374
2024-09-09,0.3525518759945412
2024-09-10,0.3478419839123307
2024-09-11,0.3989896555398207
2024-09-12,0.3194198484344332
2024-09-13,0.37694486597586857
2024-09-16,0.33131983473360527
2024-09-17,0.3097150906776737
2024-09-18,0.26481738868081806
2024-09-19,0.22833878977718297
2024-09-20,0.2420596568764433
2024-09-23,0.28198241098463495
2024-09-24,0.2730701120968443
2024-09-25,0.27235900343714325
2024-09-26,0.26527000589102745
2024-09-27,0.22680341777495244
2024-09-30,0.23902273872298455
2024-10-01,0.19387137821531553
2024-10-03,0.25471532057731006
2024-10-04,0.24878566242639893
2024-10-07,0.2656034612147613
2024-10-08,0.2219931235344522
2024-10-09,0.178017108566543
2024-10-10,0.19558561419896206
2024-10-11,0.1503468599289979
2024-10-14,0.14034874171499975
2024-10-15,0.14635450917234527
2024-10-16,0.1197089278930704
2024-10-17,0.09116876684497685
2024-10-18,0.06954560056129593
2024-10-21,0.08822526123003199
2024-10-22,0.09234921474700686
2024-10-23,0.08212031982056883
2024-10-24,0.13256668672135974
2024-10-25,0.12224281687608497
2024-10-28,0.13339615272364477
2024-10-29,0.14085430913606478
2024-10-30,0.1406882316327142
2024-10-31,0.1724341265253802
2024-11-01,0.1719879780831633
2024-11-04,0.19145882465137537
2024-11-05,0.18782172458961455
2024-11-06,0.17057974323476402
2024-11-07,0.3925546252989962
2024-11-08,0.3686442421093606
2024-11-11,0.2665467262961344
2024-11-12,0.2654626540748401
2024-11-13,0.28907189463277283
2024-11-14,0.335139199997714
2024-11-18,0.2379853993059012
2024-11-19,0.23829102449946943
2024-11-21,0.2120493040079266
2024-11-22,0.25299390106144237
2024-11-25,0.22241166998419973
2024-11-26,0.19287901866800478
2024-11-27,0.22373143386154512
2024-11-28,0.24944450941981877
2024-11-29,0.25157102761563366
2024-12-02,0.25010400993933446
2024-12-03,0.22319515900562903
2024-12-04,0.23844880906789218
2024-12-05,0.23358892655493357
2024-12-06,0.25827305768794334
2024-12-09,0.2890586766720899
2024-12-10,0.30105178277599187
2024-12-11,0.30025590721258494
2024-12-12,0.30677166092747965
2024-12-13,0.3112288224296769
2024-12-16,0.3401097208395674
2024-12-17,0.37611647289655353
2024-12-18,0.38264699114280815
2024-12-19,0.3784315404614555
2024-12-20,0.3552074025128593
2024-12-23,0.3236476606095862
2024-12-24,0.3396911179254597
2024-12-26,0.334728229837054
2024-12-27,0.358069301422994
2024-12-30,0.391797524447741
2024-12-31,0.39585838073651103
